chunk_id,chunk_type,article_number,article_number_raw,article_number_resolution,page_start,page_end,heading_box_id,box_count,body_box_count,metadata_box_count,skipped_duplicate_box_count,context_blocks,references,needs_review,review_reasons,text_preview
preamble,preamble,,,,3,3,,5,5,0,1,,3,False,,رئيس الجمهورية / بناءَ على أحكام الدستور / وعلى ما أقرّه مجلس الشعب في جلسته المنعقدة بتاريخ ١٤٢٨١١١٧ه / الموافق٢ / يصدر ما يلي / المادة / تطبق أحكام قانون التجارة المرفق اعتباراً من تاريخ سريانه / المادة / يلغى اعتباراً من التاريخ المنكور المرسوم التشريعي رقم ١٤٩ الصادر في / ١٩٤٩٦٢م وتعديلاته وجميع الأحكام المخالفة لقانون التجارة المرفق / المادة٣ / ينشر هذا القانون في الجريدة الرسمية ويعمل به اعتباراً من تاريخ / ٤٧٠٢ / م د م / يييي / رئيس الجمهورية / بناءَ على أحكام الدستور / وعلى ما أقرّه مجلس الشعب في جلسته المنعقدة بتاريخ ١٤٨١١١ / الموافق٢ / الجمهورية -ئيس / وعلى ما أقرّه مجلس الشعب في جلسته المنعقدة بتاريخ ١٤٨١١١٧ / الموافق١ / يصدر يلي
article_unknown_1,article,,,missing_first_article_number,3,3,page_0003_raw_0011,2,1,3,0,قانون التجارة ٧ رقم ٣٣ للعام || قانون التجارة || ٧ رقم ٣٣ للعام م,,True,missing_first_article_number,المادة / تطبق أحكام قانون التجارة المرفق اعتباراً من تاريخ سريانه
article_unknown_2,article,,,missing_first_article_number,3,3,page_0003_raw_0012,2,1,0,0,قانون التجارة ٧ رقم ٣٣ للعام || قانون التجارة || ٧ رقم ٣٣ للعام م,,True,missing_first_article_number,المادة / يلغى اعتباراً من التاريخ المذكور المرسوم التشريعي رقم ١٤٩ الصادر في / ١٩٤٩٦م وتعديلاته وجميع الأحكام المخالفة لقانون التجارة المرفق
article_unknown_3,article,,,missing_first_article_number,3,4,page_0003_raw_0009,8,7,0,1,قانون التجارة ٧ رقم ٣٣ للعام || قانون التجارة || ٧ رقم ٣٣ للعام م,,True,missing_first_article_number,المادة / ينشر هذا القانون في الجريدة الرسمية ويعمل به اعتباراً من تاريخ / ٢٠٨٤١ / ١ ٤ ٢٠٠٨ / الموافق / _ / دمشق / ٢٩ ١ ٤٢٨ / اهر / ٩ ١٢ ٢٠٠٧م / الجمهورية / رئيس / بشار الأسد / رئيس الجمهورية / بشار الأسد / أحكام عامة
article_unknown_4,article,,,missing_first_article_number,4,4,page_0004_raw_0033,2,1,1,0,"قانون التجارة ٧ رقم ٣٣ للعام || قانون التجارة || ٧ رقم ٣٣ للعام م || التجارة
قانون
الكتاب الأول
التجارة على وم والجار والموات التجاالمتجر
الباب الأول
أحكام عامة
المادة",,True,missing_first_article_number,المادة / يتضمن هذا القانون القواعد المختصة بالأعمال التجارية التي يقوم بها أي / شخص مهما كانت صفته القانونية ويتضمن من جهة أخرى الأحكام التي تطبق / على الأشخاص الذين اتخذوا التجارة مهنة
article_unknown_5,article,,,missing_first_article_number,4,4,page_0004_raw_0028,2,1,0,0,"قانون التجارة ٧ رقم ٣٣ للعام || قانون التجارة || ٧ رقم ٣٣ للعام م || التجارة
قانون
الكتاب الأول
التجارة على وم والجار والموات التجاالمتجر
الباب الأول
أحكام عامة
المادة",,True,missing_first_article_number,المادة / إذا انتفى النص من هذا القانون فتطبق على المواد التجارية أحكام القانون المدني / ـ على أن تطبق هذه الأحكام لا يكون إلأ على نسبة اتفاقها مع المبادئ المختصة / بالقانون التجاري والعرف التجاري
article_unknown_6,article,,,missing_first_article_number,4,4,page_0004_raw_0031,2,1,0,0,"قانون التجارة ٧ رقم ٣٣ للعام || قانون التجارة || ٧ رقم ٣٣ للعام م || التجارة
قانون
الكتاب الأول
التجارة على وم والجار والموات التجاالمتجر
الباب الأول
أحكام عامة
المادة",,True,missing_first_article_number,المادة / إذا لم يوجد نص تشريعي يمكن تطبيقه، فللقاضي أن يسترشد بما استقر عليه / الاجتهاد القضائى وبمباديئ العدالة والإنصاف والاستقامة التجارية
article_unknown_7,article,,,missing_first_article_number,4,5,page_0004_raw_0030,3,2,0,0,"قانون التجارة ٧ رقم ٣٣ للعام || قانون التجارة || ٧ رقم ٣٣ للعام م || التجارة
قانون
الكتاب الأول
التجارة على وم والجار والموات التجاالمتجر
الباب الأول
أحكام عامة
المادة",,True,missing_first_article_number,المادة / ١ على القاضي عند تحديد أثار العمل التجاري أن يطبق العرف المتوطد إلآإذا / ظهر أن المتعاقدين قصدوا مخالفة العرف أو كان العرف متعارضأً مع النصوص / التشريعية الإلزامية / ٢ويعدّ العرف الخأص والعرف المحلي مرجحين على العرف العام
article_unknown_8,article,,,missing_first_article_number,5,5,page_0005_raw_0041,2,1,0,0,"قانون التجارة ٧ رقم ٣٣ للعام || قانون التجارة || ٧ رقم ٣٣ للعام م || التجارة
قانون
الكتاب الأول
التجارة على وم والجار والموات التجاالمتجر
الباب الأول
أحكام عامة
المادة",,True,missing_first_article_number,المادة / إن البورصات التجارية والمعارض والأسواق والمخازن العامة / والمستودعات وسائر المنشأت المُعدّة للتجارة تخضع على قدر الحاجة / لقوانين وأنظمة خاصة
article_unknown_9,article,,,missing_first_article_number,5,6,page_0005_raw_0039,10,9,1,8,"قانون التجارة ٧ رقم ٣٣ للعام || قانون التجارة || ٧ رقم ٣٣ للعام م || التجارة
قانون
الكتاب الأول
التجارة على وم والجار والموات التجاالمتجر
الباب الأول
أحكام عامة
المادة || الثاز / الباب / الأعمال التجارية",,True,missing_first_article_number,المادة / ثُعدّ بحكم ماهيتها الذاتية أعمالاً تجارية / أ شراء المنقولات المادية وغير المادية لأجل بيعها بربح ما سواء بيعت على حالتها / أم بعد شغلها أو تحويلها / ب شراء تلك الأشياء المنقولة نفسها لأجل تأجيرها أو استثجارها لأجل تأجيرها / ثانية / جالبيع أو الاستئجار أو التأجير ثانية للأشياء المشتراة أو المستأجرة على الوجه / المبين فيما تقدم / د أعمال الصرافة والمبادلة المالية ومعاملات المصارف العامة والخاصة / همشروع التوريد / و مشروع المصانع وإن يكن مقترناً باستثمار زراعي، إلآ إذا كان تحويل المواد يتم / بعمل يدوي بسيط / زـ مشروع النقل براً أو جواً أو على سطح الماء / حمشروع الوكالة والسمسرة / طـمشروع التأمين بأنواعه / يمشروع المشاهد العامة / تعدّ بحكم ماهيتها الذاتية أعمالاً تجارية / أـ شراء المنق
article_unknown_10,article,,,missing_first_article_number,6,6,page_0006_raw_0049,2,1,0,0,"قانون التجارة ٧ رقم ٣٣ للعام || قانون التجارة || ٧ رقم ٣٣ للعام م || التجارة
قانون
الكتاب الأول
التجارة على وم والجار والموات التجاالمتجر
الباب الأول
أحكام عامة
المادة || الثاز / الباب / الأعمال التجارية",,True,missing_first_article_number,المادة / وتُعدّ كذلك من الأعمال التجارية بحكم ماهيتها الذاتية، الأعمال التي يمكن / اعتبارها مجانسة للأعمال المتقدمة لتشابه صفاتها وغاياتها
article_unknown_11,article,,,missing_first_article_number,6,7,page_0006_raw_0050,5,4,0,2,"قانون التجارة ٧ رقم ٣٣ للعام || قانون التجارة || ٧ رقم ٣٣ للعام م || التجارة
قانون
الكتاب الأول
التجارة على وم والجار والموات التجاالمتجر
الباب الأول
أحكام عامة
المادة || الثاز / الباب / الأعمال التجارية",,True,missing_first_article_number,المادة / ١جميع الأعمال التي يقوم بها التاجر لحاجات تجارته ثعدّ تجارية أيضاً في نظر / القانون / ٢وعند قيام الشك، ثُعدّ أعمال التأجير صادرة منه لهذه الغاية إلآ إذا ثبت / العكس / جميع الأعمال التي يقوم بها التاجر لحاجات تجارته ثعّ تجارية أيضاً في نظر / القانون / التجحار / الفصل الأول
article_unknown_12,article,,,missing_first_article_number,7,7,page_0007_raw_0074,1,0,1,1,"قانون التجارة ٧ رقم ٣٣ للعام || قانون التجارة || ٧ رقم ٣٣ للعام م || التجارة
قانون
الكتاب الأول
التجارة على وم والجار والموات التجاالمتجر
الباب الأول
أحكام عامة
المادة || الثاز / الباب / الأعمال التجارية || الباب الثالث",,True,missing_first_article_number,المادة
article_unknown_13,article,,,missing_first_article_number,7,7,page_0007_raw_0075,2,1,0,0,"قانون التجارة ٧ رقم ٣٣ للعام || قانون التجارة || ٧ رقم ٣٣ للعام م || التجارة
قانون
الكتاب الأول
التجارة على وم والجار والموات التجاالمتجر
الباب الأول
أحكام عامة
المادة || الثاز / الباب / الأعمال التجارية || الباب الثالث",,True,missing_first_article_number,المادة / إن الأفراد الذين يتعاطون تجارة صغيرة أو حرفة بسيطة ذات نفقات عامة / زهيدة بحيث يعتمدون في الغالب على مساعيهم البدنية للحصول على أرباح قليلة / لتأمين معيشهم أكثر من استادهم إلى رأس ما لهم النقدي، كالبائع الطواف أو البائع / بالمياومة أو الذين يقومون بنقليات صغيرة على البر أو سطح الماء، لا يخضعون / للواجبات المختصة بالدفاتر التجارية ولا لقواعد الشهر ولا لأحكام الإفلاس والصلح / الواقي المنصوص عليها في هذا القانون
article_unknown_14,article,,,missing_first_article_number,7,7,page_0007_raw_0070,2,1,0,0,"قانون التجارة ٧ رقم ٣٣ للعام || قانون التجارة || ٧ رقم ٣٣ للعام م || التجارة
قانون
الكتاب الأول
التجارة على وم والجار والموات التجاالمتجر
الباب الأول
أحكام عامة
المادة || الثاز / الباب / الأعمال التجارية || الباب الثالث",,True,missing_first_article_number,المادة / كل من أعلن في الصحف أو النشرات أو أي واسطة أخرى عن نفسه كتاجر / أو عن المحل الذي أسسه أو يستثمره للاشتغال بالمعاملات التجارية يُعدّ تاجراً وإن / لم يتخذ التجارة مهنة مألوفة له
article_unknown_15,article,,,missing_first_article_number,8,8,page_0008_raw_0084,2,1,0,0,"قانون التجارة ٧ رقم ٣٣ للعام || قانون التجارة || ٧ رقم ٣٣ للعام م || التجارة
قانون
الكتاب الأول
التجارة على وم والجار والموات التجاالمتجر
الباب الأول
أحكام عامة
المادة || الثاز / الباب / الأعمال التجارية || الباب الثالث",,True,missing_first_article_number,المادة / لا يُعدّ تاجراً من قام بمعاملة تجارية عرضاً إلآأن المعاملة تكون خاضعة / لأحكام قانون التجارة
article_2,article,2,2,raw_number_used,8,8,page_0008_raw_0080,3,2,0,2,"قانون التجارة ٧ رقم ٣٣ للعام || قانون التجارة || ٧ رقم ٣٣ للعام م || التجارة
قانون
الكتاب الأول
التجارة على وم والجار والموات التجاالمتجر
الباب الأول
أحكام عامة
المادة || الثاز / الباب / الأعمال التجارية || الباب الثالث",,False,,المادة ٢ / ١لا ثعدّ الدولة ودوائرها ولا الوحدات الإدارية واللجان والنوادي والجمعيات ذات / الشخصية الاعتبارية من التجار وإن قامت بمعاملات تجارية، إلآ أن معاملاتها / المذكورة تكون خاضعة لأحكام قانون التجارة / تعتبر المؤسسات العامة وشركات القطاع العام والمشترك تاجراً، إذا كان موضوعها / تجارياً أو منحها القانون هذه الصفة / ٢ـ تعتبر المؤسسات العامة وشركات القطاع العام والمشترك تاجراً، إذا كان موضوعها / تجارياً أو منحها القانون هذه الصفة
article_4,article,4,4,accepted_small_sequence_gap_raw_4_expected_3,8,8,page_0008_raw_0082,2,1,0,0,"قانون التجارة ٧ رقم ٣٣ للعام || قانون التجارة || ٧ رقم ٣٣ للعام م || التجارة
قانون
الكتاب الأول
التجارة على وم والجار والموات التجاالمتجر
الباب الأول
أحكام عامة
المادة || الثاز / الباب / الأعمال التجارية || الباب الثالث",,True,accepted_small_sequence_gap_raw_4_expected_3,المادة ٤ / إذا اشتغل العاملون في الدولة الممنوعون من الاتجار قانوناً بالمعاملات / التجارية، فتشملهم الأحكام القانونية المتعلقة بالصلح الواقى والإفلاس
article_5,article,5,5,raw_number_matches_sequence,8,8,page_0008_raw_0092,1,0,0,0,"قانون التجارة ٧ رقم ٣٣ للعام || قانون التجارة || ٧ رقم ٣٣ للعام م || التجارة
قانون
الكتاب الأول
التجارة على وم والجار والموات التجاالمتجر
الباب الأول
أحكام عامة
المادة || الثاز / الباب / الأعمال التجارية || الباب الثالث",,False,,المادة ٥ / تخضع الأهلية التجارية لأحكام القانون المدني وللأحكام الخاصة بالتجار
article_6,article,6,,inferred_missing_number_from_sequence,8,8,page_0008_raw_0087,2,1,0,0,"قانون التجارة ٧ رقم ٣٣ للعام || قانون التجارة || ٧ رقم ٣٣ للعام م || التجارة
قانون
الكتاب الأول
التجارة على وم والجار والموات التجاالمتجر
الباب الأول
أحكام عامة
المادة || الثاز / الباب / الأعمال التجارية || الباب الثالث",,True,inferred_missing_number_from_sequence,المادة / تخضع الأهلية التجارية لأحكام القانون المدني وللأحكام الخاصة بالتجار
article_7,article,7,,inferred_missing_number_from_sequence,8,9,page_0008_raw_0090,8,7,2,5,"قانون التجارة ٧ رقم ٣٣ للعام || قانون التجارة || ٧ رقم ٣٣ للعام م || التجارة
قانون
الكتاب الأول
التجارة على وم والجار والموات التجاالمتجر
الباب الأول
أحكام عامة
المادة || الثاز / الباب / الأعمال التجارية || الباب الثالث || الفصل الثاني || دفاتر التجارة",,True,inferred_missing_number_from_sequence,المادة / التاجر / ا - على / أن ينظم على الأقلآ الدفترين الإجباريين التاليين : / أ دفتر اليومية يقيد فيه يوماً فيوماً جميع الأعمال التي تعود بوجه من الوجوه / إلى مؤسسته التجارية وأن يقيد بالجملة شهراً فشهراً النفقات التي أنفقها على / نفسه وأسرته وإذا كان التاجر يتبع الأسلوب الآلى فى محاسبته أو مسك / الدفاتر يومية مساعدة منظمة وفق أحكام المادتين ١٧و١٨ من هذا / القانون، فله أن يقيد أعماله فى دفتر اليومية شهراً فشهراً، على أن يحتفظ / بجميع الوثائق التي تتيح التدقيق في الأعمال المذكورة / القانون، فله أن يقيد أعماله فى دفتر اليومية شهراً فشهراً على أن يحتفظ / بدفتر جرد يتضمن جرداً سنوياً للموجودات والمطاليب العائدة لمؤسسته وأن / يوقف حساباته سنوياً ليضع على أساسها الميزانية وحساب الأرباح والخسائر 
article_8,article,8,,inferred_missing_number_from_sequence,9,9,page_0009_raw_0097,2,1,0,0,"قانون التجارة ٧ رقم ٣٣ للعام || قانون التجارة || ٧ رقم ٣٣ للعام م || التجارة
قانون
الكتاب الأول
التجارة على وم والجار والموات التجاالمتجر
الباب الأول
أحكام عامة
المادة || الثاز / الباب / الأعمال التجارية || الباب الثالث || الفصل الثاني || دفاتر التجارة",,True,inferred_missing_number_from_sequence,المادة / يجب أن تنظم الدفاتر التجارية الإجبارية بحسب التاريخ وبلا بياض ولا فراغ / ولا نقل إلى الهامش ولا محو ولا تحشية بين السطور
article_9,article,9,8,corrected_non_monotonic_raw_8_expected_9,9,9,page_0009_raw_0100,2,1,0,0,"قانون التجارة ٧ رقم ٣٣ للعام || قانون التجارة || ٧ رقم ٣٣ للعام م || التجارة
قانون
الكتاب الأول
التجارة على وم والجار والموات التجاالمتجر
الباب الأول
أحكام عامة
المادة || الثاز / الباب / الأعمال التجارية || الباب الثالث || الفصل الثاني || دفاتر التجارة",,True,corrected_non_monotonic_raw_8_expected_9,المادة ٨ / يجب ترقيم الدفاتر المذكورة والتأشير عليها وتوقيعها من رئيس محكمة البداية / المدنية أو من قاضي الصلح في المدن التي لا توجد فيها محكمة بداية
article_10,article,10,9,corrected_non_monotonic_raw_9_expected_10,9,9,page_0009_raw_0099,2,1,0,1,"قانون التجارة ٧ رقم ٣٣ للعام || قانون التجارة || ٧ رقم ٣٣ للعام م || التجارة
قانون
الكتاب الأول
التجارة على وم والجار والموات التجاالمتجر
الباب الأول
أحكام عامة
المادة || الثاز / الباب / الأعمال التجارية || الباب الثالث || الفصل الثاني || دفاتر التجارة",,True,corrected_non_monotonic_raw_9_expected_10,المادة ٩ / ١يجب على التاجر أن يحفظ الدفاتر بعد اختتامها مدّة عشر سنوات / ٢للمؤسسات التجارية التى يعينها وزير الاقتصاد والتجارة أن تحتفظ للمدّة المذكورة / في الفقرة السابقة بالصورة بأية وسيلة إلكترونية تعتمدها وزارة الاقتصاد والتجارة / بدلاأ من الأصل وتكون للصورة حجية الأصل فى الإثبات
article_11,article,11,,inferred_missing_number_from_sequence,9,9,page_0009_raw_0108,2,1,0,0,"قانون التجارة ٧ رقم ٣٣ للعام || قانون التجارة || ٧ رقم ٣٣ للعام م || التجارة
قانون
الكتاب الأول
التجارة على وم والجار والموات التجاالمتجر
الباب الأول
أحكام عامة
المادة || الثاز / الباب / الأعمال التجارية || الباب الثالث || الفصل الثاني || دفاتر التجارة",,True,inferred_missing_number_from_sequence,المادة / لا ثسلّم الدفاتر بكاملها إلى القضاء إلآ في أحوال الإرث وقسمة الأموال / المشتركة والشركة والصلح الواقي والإفلاس
article_12,article,12,,inferred_missing_number_from_sequence,10,10,page_0010_raw_0124,2,1,0,1,"قانون التجارة ٧ رقم ٣٣ للعام || قانون التجارة || ٧ رقم ٣٣ للعام م || التجارة
قانون
الكتاب الأول
التجارة على وم والجار والموات التجاالمتجر
الباب الأول
أحكام عامة
المادة || الثاز / الباب / الأعمال التجارية || الباب الثالث || الفصل الثاني || دفاتر التجارة",,True,inferred_missing_number_from_sequence,المادة / ٢- وللقاضي أن يأمر من تلقاء نفسه الدفاتر المذكورة للغاية ذاتها
article_13,article,13,,inferred_missing_number_from_sequence,10,10,page_0010_raw_0118,3,2,0,0,"قانون التجارة ٧ رقم ٣٣ للعام || قانون التجارة || ٧ رقم ٣٣ للعام م || التجارة
قانون
الكتاب الأول
التجارة على وم والجار والموات التجاالمتجر
الباب الأول
أحكام عامة
المادة || الثاز / الباب / الأعمال التجارية || الباب الثالث || الفصل الثاني || دفاتر التجارة",,True,inferred_missing_number_from_sequence,المادة / يمكن للتجار مسك حساباتهم إلكترونياً وفقا للتعليمات التنفيذية التي تصدر / عن وزارة الاقتصاد والتجارة / الفصل الثالث
article_14,article,14,3,corrected_non_monotonic_raw_3_expected_14,10,10,page_0010_raw_0125,3,2,1,1,"قانون التجارة ٧ رقم ٣٣ للعام || قانون التجارة || ٧ رقم ٣٣ للعام م || التجارة
قانون
الكتاب الأول
التجارة على وم والجار والموات التجاالمتجر
الباب الأول
أحكام عامة
المادة || الثاز / الباب / الأعمال التجارية || الباب الثالث || الفصل الثاني || دفاتر التجارة || سجل التجارة",,True,corrected_non_monotonic_raw_3_expected_14,المادة ٣ / سجل التجارة يمكن الجمهور من الحصول على المعلومات الوافية عن كل / المؤسسات التجارية التي تعمل في سورية / ٢وهو أيضاً أداة للشهر يقصد بها جعل من درجاته نافذة في حق الغير عند وجود / نص قانوني صريح بهذا المعنى / ٢ـوهو أيضاً أداة للشهر يقصد بها جعل من درجاته نافذة في حق الغير عند وجود / نص قانوني صريح بهذا المعنى
article_15,article,15,4,corrected_non_monotonic_raw_4_expected_15,10,11,page_0010_raw_0121,5,4,0,0,"قانون التجارة ٧ رقم ٣٣ للعام || قانون التجارة || ٧ رقم ٣٣ للعام م || التجارة
قانون
الكتاب الأول
التجارة على وم والجار والموات التجاالمتجر
الباب الأول
أحكام عامة
المادة || الثاز / الباب / الأعمال التجارية || الباب الثالث || الفصل الثاني || دفاتر التجارة || سجل التجارة",,True,corrected_non_monotonic_raw_4_expected_15,المادة ٤ / ١ينظم لدى وزارة الاقتصاد والتجارة سجل خاص بفروع المؤسسات التجارية / والشركات التي يوجد مركزها خارج سورية / ٢ينظم لدى وزارة الاقتصاد والتجارة فى كل محافظة سجل لتسجيل أسماء التجار / والشركات التجارية والشركات المدنية وباقي المؤسسات التجارية يُطّلق عليها / سجل التجارة / يتولى مسك السجل موظف يُطلق عليه أمين سجل التجارة وعليه أن يباشر / وظيفته أن يحلف اليمين أمام محكمة البداية المدنية، على أن يقوم بوظيفته / بشرف وأمانة / تسجل أسماء التجار الذي تكون متاجرهم الرئيسية في سورية، مهما كانت / جنسيتهم
article_16,article,16,25,corrected_large_jump_raw_25_expected_16,11,11,page_0011_raw_0134,1,0,0,0,"قانون التجارة ٧ رقم ٣٣ للعام || قانون التجارة || ٧ رقم ٣٣ للعام م || التجارة
قانون
الكتاب الأول
التجارة على وم والجار والموات التجاالمتجر
الباب الأول
أحكام عامة
المادة || الثاز / الباب / الأعمال التجارية || الباب الثالث || الفصل الثاني || دفاتر التجارة || سجل التجارة",,True,corrected_large_jump_raw_25_expected_16,المادة ٢٥ / ١يجب على كل تاجر أن يطلب من أمين سجل التجارة في المحافظة التي يوجد / فيها مركزه الرئيسي أن يسجل اسمه في سجل التجارة في خلال شهر واحد من / تاريخ فتح المحل أو شرائه / على التاجر أن يقدم تصريحاً في نسختين موقعتين منه يذكر فيه ما يلي / أ-اسمه ونسبته / باسمه التجاري إذا اختلف عن اسمه وعنوانه التجاري / جتاريخ ولادته ومحلها وموطنه / د جنسيته الأصلية، وإذا كان قد حصل على جنسية أخرى، فيبين طريقة / حصوله عليها مع ذكر التاريخ / هوإذا كان الأمر يختص بامرأة متزوجة تابعة لجنسية أجنبية يقضي قانون / الأحوال الشخصية الذي تخضع له بألا تتعاطى التجارة إلأ بترخيص صريح / من زوجها، فيذكر الترخيص المعطى لها وفاقاً قانون المشار إليه / والنظام المالي للزوجين إذا اختلف عن أحكام القانون السوري والاتفاقية / 
article_17,article,17,,inferred_missing_number_from_sequence,11,11,page_0011_raw_0135,1,0,0,0,"قانون التجارة ٧ رقم ٣٣ للعام || قانون التجارة || ٧ رقم ٣٣ للعام م || التجارة
قانون
الكتاب الأول
التجارة على وم والجار والموات التجاالمتجر
الباب الأول
أحكام عامة
المادة || الثاز / الباب / الأعمال التجارية || الباب الثالث || الفصل الثاني || دفاتر التجارة || سجل التجارة",,True,inferred_missing_number_from_sequence,المادة
article_18,article,18,,inferred_missing_number_from_sequence,12,12,page_0012_raw_0140,1,0,0,0,"قانون التجارة ٧ رقم ٣٣ للعام || قانون التجارة || ٧ رقم ٣٣ للعام م || التجارة
قانون
الكتاب الأول
التجارة على وم والجار والموات التجاالمتجر
الباب الأول
أحكام عامة
المادة || الثاز / الباب / الأعمال التجارية || الباب الثالث || الفصل الثاني || دفاتر التجارة || سجل التجارة",,True,inferred_missing_number_from_sequence,المادة
article_19,article,19,6,corrected_non_monotonic_raw_6_expected_19,12,12,page_0012_raw_0142,2,1,0,0,"قانون التجارة ٧ رقم ٣٣ للعام || قانون التجارة || ٧ رقم ٣٣ للعام م || التجارة
قانون
الكتاب الأول
التجارة على وم والجار والموات التجاالمتجر
الباب الأول
أحكام عامة
المادة || الثاز / الباب / الأعمال التجارية || الباب الثالث || الفصل الثاني || دفاتر التجارة || سجل التجارة",7,True,corrected_non_monotonic_raw_6_expected_19,المادة٦ / ١يجب أن يذكر في سجل التجارة / أـ كل تعديل يتعلّق بالأمور التي تقضي المادة السابقة بقيدها في السجل / بشهادات الاختراع التي يستثمرها التاجر والعلامات التي يستعملها للمصنع / أو التجارة / جالأحكام والقرارات القاضية بتعيين وصيّ عليه أو قيّم أو مساعد قضائي / للتاجر المسجل أو بالحجر عليه أو برفع هذه التدابير عنه / دالأحكام والقرارات المعلنة للإفلاس أو المتضمنة تصديق الصلح أو فسخه / أو إبطاله أو المعلنة لمعذرة المفلس أو القاضية بإغلاق التفليسة لعدم كفاية / الموجودات أو بالعدول عن إغلاقها أو بإعادة الإعتبار / هالتفرغ عن المحل التجاري / ويجري القيد بناءَ على طلب التاجر في الأحوال المشار إليها في الفقراتأ، / ب، هويجري في الأحوال المشار إليها في الفقرتين ج، د بناء على طلب / كاتب المحكمة التى أ
article_20,article,20,,inferred_missing_number_from_sequence,12,12,page_0012_raw_0139,3,2,0,2,"قانون التجارة ٧ رقم ٣٣ للعام || قانون التجارة || ٧ رقم ٣٣ للعام م || التجارة
قانون
الكتاب الأول
التجارة على وم والجار والموات التجاالمتجر
الباب الأول
أحكام عامة
المادة || الثاز / الباب / الأعمال التجارية || الباب الثالث || الفصل الثاني || دفاتر التجارة || سجل التجارة",,True,inferred_missing_number_from_sequence,المادة / إن الشركات التي يكون مركزها الرئيسي في سورية مهما كانت جنسيتها، يجب / تسجيلها في سجل التجارة المختص بمنطقة مركزها الرئيسي، ويجب على / مديريها وأعضاء مجلس إدارتها أن يطلبوا التسجيل في خلال الشهر الذي يلي / تأسيسها / ٢حويقدم طالبو التسجيل إلى أمين سجل التجارة صورة مصدقة عن صك تأسيس / الشركة أو نظامها الأساسي وخلاصة لهذا الصك أو النظام مُعدّة للشهر ومنظمة / على نسختين ومشتملة على الطوابع وعلى تواقيع طالبي التسجيل ومتضمنه / بوجه خاص البيانات الآتية
article_21,article,21,,inferred_missing_number_from_sequence,13,13,page_0013_raw_0145,3,2,0,1,"قانون التجارة ٧ رقم ٣٣ للعام || قانون التجارة || ٧ رقم ٣٣ للعام م || التجارة
قانون
الكتاب الأول
التجارة على وم والجار والموات التجاالمتجر
الباب الأول
أحكام عامة
المادة || الثاز / الباب / الأعمال التجارية || الباب الثالث || الفصل الثاني || دفاتر التجارة || سجل التجارة",,True,inferred_missing_number_from_sequence,المادة / الاسم والنسبة وتاريخ الولادة ومحلها والجنسية لكل من مديري الشركة وأعضاء / مجلس إدارتها ومديريها المعينين لمدّة وجودها أما طلب التسجيل فيقدمه المديرون / وأعضاء مجلس الإدارة القائمون بوظائفهم في وقت وجوب التسجيل / الشركات التجارية المؤسسة خارج الأراضي السورية ولها فروع أو وكالات في / سورية وكذلك التجار الذين لهم مركز رئيسي في الخارج وفروع أو وكالات في سورية / مهما كانت جنسيتهم
article_22,article,22,29,corrected_large_jump_raw_29_expected_22,14,14,page_0014_raw_0161,2,1,0,0,"قانون التجارة ٧ رقم ٣٣ للعام || قانون التجارة || ٧ رقم ٣٣ للعام م || التجارة
قانون
الكتاب الأول
التجارة على وم والجار والموات التجاالمتجر
الباب الأول
أحكام عامة
المادة || الثاز / الباب / الأعمال التجارية || الباب الثالث || الفصل الثاني || دفاتر التجارة || سجل التجارة",,True,corrected_large_jump_raw_29_expected_22,المادة ٢٩ / يخضع تسجيل مثل تلك الفروع أو الوكالات لأحكام القانون الخاص بتسجيلها / في سورية
article_23,article,23,3,corrected_non_monotonic_raw_3_expected_23,14,14,page_0014_raw_0162,4,3,1,0,"قانون التجارة ٧ رقم ٣٣ للعام || قانون التجارة || ٧ رقم ٣٣ للعام م || التجارة
قانون
الكتاب الأول
التجارة على وم والجار والموات التجاالمتجر
الباب الأول
أحكام عامة
المادة || الثاز / الباب / الأعمال التجارية || الباب الثالث || الفصل الثاني || دفاتر التجارة || سجل التجارة || الشركات المدنية",,True,corrected_non_monotonic_raw_3_expected_23,المادة ٣ / ١يحدث فى أمانة سجل التجارة سجل خاص بالشركات المدنية التي يقع / مركزها الرئيسي في المحافظة تسجل فيه الشركات وفق أحكام المادتين ٢٧ / و٢٨من هذا القانون باستثناء ما يتوقف العمل به على الصفة التجارية / للشركة / ٢ تسجل الشركات المدنية التي يقع مركزها خارج سورية أو لها فرع أو وكالة في / سجل خاص تابع لسجل الفروع والوكالات العائدة للمؤسسات أو الشركات القائمة / خارج سورية وذلك وفق القانون الخاص بها / ٣ـ على الشركات المذكورة في الفقرتين السابقتين تسجيل نفسها في السجل المذكور / وإيداع صك تأسيسها ونظامها الأساسي ديوان محكمة البداية في مركزها إذا / أرادت الاحتجاج بشخصيتها الإعتبارية حيال الغير
article_24,article,24,,inferred_missing_number_from_sequence,14,14,page_0014_raw_0157,3,2,0,0,"قانون التجارة ٧ رقم ٣٣ للعام || قانون التجارة || ٧ رقم ٣٣ للعام م || التجارة
قانون
الكتاب الأول
التجارة على وم والجار والموات التجاالمتجر
الباب الأول
أحكام عامة
المادة || الثاز / الباب / الأعمال التجارية || الباب الثالث || الفصل الثاني || دفاتر التجارة || سجل التجارة || الشركات المدنية",,True,inferred_missing_number_from_sequence,المادة / إذا توفي تاجر أو انقطع عن تعاطى تجارته أو إذا انحلّت إحدى الشركات وجب / شطب التسجيل المختص بهما فى سجل التجارة / ٢ويجري هذا الشطب مباشرة بمقتضى قرار يصدره أمين سجل التجارة
article_25,article,25,3,corrected_non_monotonic_raw_3_expected_25,14,14,page_0014_raw_0159,3,2,0,0,"قانون التجارة ٧ رقم ٣٣ للعام || قانون التجارة || ٧ رقم ٣٣ للعام م || التجارة
قانون
الكتاب الأول
التجارة على وم والجار والموات التجاالمتجر
الباب الأول
أحكام عامة
المادة || الثاز / الباب / الأعمال التجارية || الباب الثالث || الفصل الثاني || دفاتر التجارة || سجل التجارة || الشركات المدنية",,True,corrected_non_monotonic_raw_3_expected_25,المادة ٣ / ١كل قيد فى سجل التجارة لم يحدد له ميعاد فى المواد السابقة يجب طلب إجرائه / في خلال شهر يبتدئ من تاريخ الوثيقة أو العمل الذي يراد قيده / أما الأحكام والقرارات فيبتدى ميعادها من يوم صدورها / أما الأحكام والقرارات فيبتدئ ميعادها من يوم صدورها
article_26,article,26,33,corrected_large_jump_raw_33_expected_26,15,15,page_0015_raw_0167,2,1,0,0,"قانون التجارة ٧ رقم ٣٣ للعام || قانون التجارة || ٧ رقم ٣٣ للعام م || التجارة
قانون
الكتاب الأول
التجارة على وم والجار والموات التجاالمتجر
الباب الأول
أحكام عامة
المادة || الثاز / الباب / الأعمال التجارية || الباب الثالث || الفصل الثاني || دفاتر التجارة || سجل التجارة || الشركات المدنية",,True,corrected_large_jump_raw_33_expected_26,المادة ٣٣ / إن جميع التسجيلات والقيود في سجل التجارة تجري بعد تصريح يقدم وفاقاً / للصيغ التي نص عليها
article_27,article,27,34,corrected_large_jump_raw_34_expected_27,15,15,page_0015_raw_0169,2,1,0,0,"قانون التجارة ٧ رقم ٣٣ للعام || قانون التجارة || ٧ رقم ٣٣ للعام م || التجارة
قانون
الكتاب الأول
التجارة على وم والجار والموات التجاالمتجر
الباب الأول
أحكام عامة
المادة || الثاز / الباب / الأعمال التجارية || الباب الثالث || الفصل الثاني || دفاتر التجارة || سجل التجارة || الشركات المدنية",,True,corrected_large_jump_raw_34_expected_27,المادة ٣٤ / على أمين سجل التجارة أن يرفض إجراء القيود المطلوبة إذا تبين له أن / التصريحات المقدمة لا تشتمل على كل البيانات المنصوص عليها أو كانت تتعارض / مع الوثائق الثبوتية المرفقة بها أو مع أحكام القانون
article_28,article,28,35,corrected_large_jump_raw_35_expected_28,15,15,page_0015_raw_0170,6,5,0,0,"قانون التجارة ٧ رقم ٣٣ للعام || قانون التجارة || ٧ رقم ٣٣ للعام م || التجارة
قانون
الكتاب الأول
التجارة على وم والجار والموات التجاالمتجر
الباب الأول
أحكام عامة
المادة || الثاز / الباب / الأعمال التجارية || الباب الثالث || الفصل الثاني || دفاتر التجارة || سجل التجارة || الشركات المدنية",,True,corrected_large_jump_raw_35_expected_28,"المادة ٣٥ / ١يجوز لكل شخص أن يطلب إعطاءه نسخة عن القيود المدرجة في السجل مقابل / يجوز لكل شخص أن يطلب إعطاءه نسخة عن القيود المدرجة فى السجل مقابل / رسم يحدد من الوزير المختص / ٢ولأمين السجل عند الإقتضاء أن يعطى شهادة بعدم وجود قيود / ٣ويصدّق أمين السجل مطابقة النسخ للأصل / المختص , / ر سم / يحدد / من / الوزير / ٢ـولأمين السجل عند الإقتضاء أن يعطي شهادة بعدم وجود قيود / ٣ـويصدّق أمين السجل مطابقة النسخ للأصل"
article_29,article,29,36,corrected_large_jump_raw_36_expected_29,15,15,page_0015_raw_0172,4,3,0,2,"قانون التجارة ٧ رقم ٣٣ للعام || قانون التجارة || ٧ رقم ٣٣ للعام م || التجارة
قانون
الكتاب الأول
التجارة على وم والجار والموات التجاالمتجر
الباب الأول
أحكام عامة
المادة || الثاز / الباب / الأعمال التجارية || الباب الثالث || الفصل الثاني || دفاتر التجارة || سجل التجارة || الشركات المدنية",,True,corrected_large_jump_raw_36_expected_29,المادة ٣٦ / لا يجوز أن يذكر في النسخ التي يسلمها أمين السجل / ١ - الأحكام المعلنة للإفلاس إذا / كان / المفلس قد استرد اعتبار / ـ الأحكام القاضية بالحجر أو تعيين مساعد قضائي إذا كان قد صدر القرار برفع / الحجر أو المساعدة القضائية
article_30,article,30,37,corrected_large_jump_raw_37_expected_30,15,15,page_0015_raw_0174,2,1,0,0,"قانون التجارة ٧ رقم ٣٣ للعام || قانون التجارة || ٧ رقم ٣٣ للعام م || التجارة
قانون
الكتاب الأول
التجارة على وم والجار والموات التجاالمتجر
الباب الأول
أحكام عامة
المادة || الثاز / الباب / الأعمال التجارية || الباب الثالث || الفصل الثاني || دفاتر التجارة || سجل التجارة || الشركات المدنية",,True,corrected_large_jump_raw_37_expected_30,المادة ٣٧ / كل تاجر وكل شركة ملزمين بالتسجيل يجب عليهما أن يذكرا المكان الذي / سجلا فيه ورقم هذا التسجيل في مراسلاتهما وفواتيرهما ومذكرات التسليم والتعريفات / والمنشورات وسائر الأوراق الصادرة عنهما
article_31,article,31,38,corrected_large_jump_raw_38_expected_31,15,16,page_0015_raw_0171,6,5,0,2,"قانون التجارة ٧ رقم ٣٣ للعام || قانون التجارة || ٧ رقم ٣٣ للعام م || التجارة
قانون
الكتاب الأول
التجارة على وم والجار والموات التجاالمتجر
الباب الأول
أحكام عامة
المادة || الثاز / الباب / الأعمال التجارية || الباب الثالث || الفصل الثاني || دفاتر التجارة || سجل التجارة || الشركات المدنية",,True,corrected_large_jump_raw_38_expected_31,المادة ٣٨ / ١ـكل تاجر وكل شخص يكلف بإدارة شركة لا يطلب في المراعيد المنصوص / عليها إجراء القيود الإجبارية أو لايذكر ما يجب ذكره على المراسلات أو الفواتير / وغيرها من الأوراق الصادرة عن محله يعاقب بغرامة تتراوح بين ١٠٠٠٠ / عشرة آلاف و٥٠٠٠٠ وخمسين ألف ليرة سورية / وغيرها من الأوراق الصادرة عن محله يعاقب بغرامة تتراوح بين ١٠٠٠٠ / عشرة آلاف و٥٠٠ وخمسين ألف ليرة سورية / ٢ـتحكم بهذه الغرامة محكمة البداية المدنية بناءَ على طلب أمين سجل التجارة أو / النيابة العامة بعد سماع أقوال صاحب الشأن أو دعوته بحسب الأصول / ٣ـوإذا لم يجر المحكوم عليه أثناء القيد فى أثناء هذا الميعاد يحكم بغرامة جديدة / ٤ـ أما أمناء السجل الذين لا يعملون بمقتضى هذه الأحكام فيخضعون للعقوبات / المسلكية المنصوص عليها في القانون الأ
article_32,article,32,39,corrected_large_jump_raw_39_expected_32,16,16,page_0016_raw_0193,5,4,0,1,"قانون التجارة ٧ رقم ٣٣ للعام || قانون التجارة || ٧ رقم ٣٣ للعام م || التجارة
قانون
الكتاب الأول
التجارة على وم والجار والموات التجاالمتجر
الباب الأول
أحكام عامة
المادة || الثاز / الباب / الأعمال التجارية || الباب الثالث || الفصل الثاني || دفاتر التجارة || سجل التجارة || الشركات المدنية",4,True,corrected_large_jump_raw_39_expected_32,المادة ٣٩ / ١ـكل بيان غير صحيح يقدم عن سوع نية للتسجيل أو للقيد فى سجل التجارة / يعاقب مقدمه بغرامة تتراوح بين ١٠٠٠ ألف و٥٠٠٠ خمسة لاف ليرة / سورية وبالحبس من شهر واحد إلى ستة أشهر، أو بإحدى هاتين العقوبتين / ولا يحول ذلك دون العقوبات التى يمكن الحكم بها وفاقاً للقوانين الخاصة ولقانون / العقوبات من أجل الجرائم الناشئة عن البيان غير الصحيح / ٣وللمحكمة الجزائية التي تصدر الحكم أن تأمر بتصحيح البيان المشار إليه على / الوجه الذي تعينه / المادة٤ / البيانات المسجلة سواء أكانت اختيارية أم إجبارية، تعتبر نافذة في حق الغير / اعتباراً من تاريخ تسجيلها / ٢ولا يحول تطبيق العقوبات المقدمة دون نفاذ القاعدة المنصوص عليها بالفقرة / السابقة / ١كل بيان غير صحيح يقدم عن سوء نية للتسجيل أو للقيد في سجل التجارة 
article_33,article,33,4,corrected_non_monotonic_raw_4_expected_33,16,16,page_0016_raw_0188,3,2,0,1,"قانون التجارة ٧ رقم ٣٣ للعام || قانون التجارة || ٧ رقم ٣٣ للعام م || التجارة
قانون
الكتاب الأول
التجارة على وم والجار والموات التجاالمتجر
الباب الأول
أحكام عامة
المادة || الثاز / الباب / الأعمال التجارية || الباب الثالث || الفصل الثاني || دفاتر التجارة || سجل التجارة || الشركات المدنية",,True,corrected_non_monotonic_raw_4_expected_33,المادة ٤ / ١البيانات المسجلة سواء أكانت اختيارية أم إجبارية، تعتبر نافذة في حق الغير / اعتباراً من تاريخ تسجيلها / ٢ـولا يحول تطبيق العقوبات المقدمة دون نفاذ القاعدة المنصوص عليها بالفقرة / السابقة / ٢ولا يحول تطبيق العقوبات المقدمة دون نفاذ القاعدة المنصوص عليها بالفقرة / السابقة
article_34,article,34,,inferred_missing_number_from_sequence,16,16,page_0016_raw_0190,2,1,0,0,"قانون التجارة ٧ رقم ٣٣ للعام || قانون التجارة || ٧ رقم ٣٣ للعام م || التجارة
قانون
الكتاب الأول
التجارة على وم والجار والموات التجاالمتجر
الباب الأول
أحكام عامة
المادة || الثاز / الباب / الأعمال التجارية || الباب الثالث || الفصل الثاني || دفاتر التجارة || سجل التجارة || الشركات المدنية",,True,inferred_missing_number_from_sequence,المادة / كل شخص طبيعي أو اعتباري يدعي بصفته التجارية أمام المحاكم أو يراجع / لمصلحته بالصفة ذاتها الدوائر الإدارية أو المؤسسات العامة، لا يسمح ادعاؤه ولا / تقبل مراجعته ما لم يكن مسجلاً في سجل التجارة
article_35,article,35,2,corrected_non_monotonic_raw_2_expected_35,17,17,page_0017_raw_0210,4,3,0,0,"قانون التجارة ٧ رقم ٣٣ للعام || قانون التجارة || ٧ رقم ٣٣ للعام م || التجارة
قانون
الكتاب الأول
التجارة على وم والجار والموات التجاالمتجر
الباب الأول
أحكام عامة
المادة || الثاز / الباب / الأعمال التجارية || الباب الثالث || الفصل الثاني || دفاتر التجارة || سجل التجارة || الشركات المدنية",,True,corrected_non_monotonic_raw_2_expected_35,المادة ٢ / ١ تفصل محكمة البداية المدنية في المحافظة التي يوجد فيها سجل التجارة، في / كل خلاف يقع بين أمين سجل التجارة وأصحاب العلاقة، بقرار يتخذ في غرفة / المذاكرة، وعليها إصدار قرارها خلال شهر من تاريخ الادعاء / ٢يخضع قرار محكمة البداية المدنية للطعن بطريق الاستئناف وعلى محكمة / الاستئناف أن تفصل فيه بصورة نهائية وبقرار غير قابل للطعن يصدر خلال / ثلاثة أشهر من تاريخ تقديم الطعن / المتجر
article_36,article,36,43,corrected_large_jump_raw_43_expected_36,17,17,page_0017_raw_0214,2,1,1,0,"قانون التجارة ٧ رقم ٣٣ للعام || قانون التجارة || ٧ رقم ٣٣ للعام م || التجارة
قانون
الكتاب الأول
التجارة على وم والجار والموات التجاالمتجر
الباب الأول
أحكام عامة
المادة || الثاز / الباب / الأعمال التجارية || الباب الثالث || الفصل الثاني || دفاتر التجارة || سجل التجارة || الشركات المدنية || رة / ل / لعل / ي ي لي",,True,corrected_large_jump_raw_43_expected_36,المادة ٤٣ / المتجر مجموعة عناصر مادية وغير مادية تهدف إلى مارسة مهنة تجارية / يشتمل المتجر مبدئياً على الاسم التجاري والعنوان التجاري والشعار وحق / الاتصال بالزيائن وحق الاستئجار المنصوص عليه فى قوانين الإيجار الخاصة / وتعديلاتهاء، والتجهيزات والعدد الصناعية والأثاث والبراءات والإجازات والرسوم / والنماذج، ما لم يستثن بعض هذه العناصر من محتويات المتجر بالنص على / ذلك في سجل المتجر أو في العقود الواردة عليه
article_37,article,37,4,corrected_non_monotonic_raw_4_expected_37,17,17,page_0017_raw_0212,3,2,0,0,"قانون التجارة ٧ رقم ٣٣ للعام || قانون التجارة || ٧ رقم ٣٣ للعام م || التجارة
قانون
الكتاب الأول
التجارة على وم والجار والموات التجاالمتجر
الباب الأول
أحكام عامة
المادة || الثاز / الباب / الأعمال التجارية || الباب الثالث || الفصل الثاني || دفاتر التجارة || سجل التجارة || الشركات المدنية || رة / ل / لعل / ي ي لي",,True,corrected_non_monotonic_raw_4_expected_37,المادة ٤ ٤ / ١إن حقوق صاحب المتجر على مختلف عناصره تتظمها القوانين الخاصة بهذه / العناصر والمبادي الحقوقية العامة / أما المتجر كمجموعة فيخضع لأحكام هذا القانون / ٢ـأما المتجر كمجموعة فيخضع لأحكام هذا القانون
