chunk_id,chunk_type,article_number,page_start,page_end,document_title,book_title,bab_title,fasl_title,topic_title,box_count,metadata_box_count,skipped_duplicate_box_count,references,needs_review,review_reasons,text_preview
article_unknown_1,article,,3,3,قانون التجارة,,,,,1,1,0,,True,missing_first_article_number,رئيس الجمهورية / بناءَ على أحكام الدستور / وعلى ما أقرّه مجلس الشعب في جلسته المنعقدة بتاريخ ١٤٢٨١١١٧ه / الموافق٢ / يصدر ما يلي / المادة / تطبق أحكام قانون التجارة المرفق اعتباراً من تاريخ سريانه / المادة / يلغى اعتباراً من التاريخ المنكور المرسوم التشريعي رقم ١٤٩ الصادر في / ١٩٤٩٦٢م وتعديلاته وجميع الأحكام المخالفة لقانون التجارة المرفق / المادة٣ / ينشر هذا القانون في الجريدة الرسمية ويعمل به اعتباراً من تاريخ / ٤٧٠٢ / م د م / يييي
article_unknown_2,article,,3,3,"رئيس الجمهورية
بناءَ على أحكام الدستور
وعلى ما أقرّه مجلس الشعب في جلسته المنعقدة بتاريخ ١٤٨١١١
الموافق٢",,,,,1,1,0,,True,missing_first_article_number,رئيس الجمهورية
article_unknown_3,article,,3,3,"رئيس الجمهورية
بناءَ على أحكام الدستور
وعلى ما أقرّه مجلس الشعب في جلسته المنعقدة بتاريخ ١٤٨١١١
الموافق٢",,,,,2,0,0,,True,missing_first_article_number,بناءَ على أحكام الدستور / وعلى ما أقرّه مجلس الشعب في جلسته المنعقدة بتاريخ ١٤٨١١١٧ / الموافق١
article_unknown_4,article,,3,3,"رئيس الجمهورية
بناءَ على أحكام الدستور
وعلى ما أقرّه مجلس الشعب في جلسته المنعقدة بتاريخ ١٤٨١١١
الموافق٢",,,,,1,0,0,,True,missing_first_article_number,يصدر
article_unknown_5,article,,3,3,"رئيس الجمهورية
بناءَ على أحكام الدستور
وعلى ما أقرّه مجلس الشعب في جلسته المنعقدة بتاريخ ١٤٨١١١
الموافق٢",,,,,7,0,1,,True,missing_first_article_number,المادة / تطبق أحكام قانون التجارة المرفق اعتباراً من تاريخ سريانه / المادة٢ / يلغى اعتباراً من التاريخ المذكور المرسوم التشريعي رقم ١٤٩ الصادر في / ١٩٤٩٦م وتعديلاته وجميع الأحكام المخالفة لقانون التجارة المرفق / المادة٣ / ينشر هذا القانون في الجريدة الرسمية ويعمل به اعتباراً من تاريخ / مشق فيهلموافق
article_unknown_6,article,,3,3,"رئيس الجمهورية
بناءَ على أحكام الدستور
وعلى ما أقرّه مجلس الشعب في جلسته المنعقدة بتاريخ ١٤٨١١١
الموافق٢",,,,,1,0,0,,True,missing_first_article_number,بشار الأسد
article_unknown_7,article,,4,4,"رئيس الجمهورية
بناءَ على أحكام الدستور
وعلى ما أقرّه مجلس الشعب في جلسته المنعقدة بتاريخ ١٤٨١١١
الموافق٢",,,,,1,0,0,,True,missing_first_article_number,التجارة
article_unknown_8,article,,4,4,"رئيس الجمهورية
بناءَ على أحكام الدستور
وعلى ما أقرّه مجلس الشعب في جلسته المنعقدة بتاريخ ١٤٨١١١
الموافق٢",,,,,1,0,0,,True,missing_first_article_number,عامة / أحكام
article_unknown_9,article,,4,4,"رئيس الجمهورية
بناءَ على أحكام الدستور
وعلى ما أقرّه مجلس الشعب في جلسته المنعقدة بتاريخ ١٤٨١١١
الموافق٢",,,,,2,0,0,,True,missing_first_article_number,المادة / يتضمن هذا القانون القواعد المختصة بالأعمال التجارية التي يقوم بها أي / شخص مهما كانت صفته القانونية ويتضمن من جهة أخرى الأحكام التي تطبق / على الأشخاص الذين اتخذوا التجارة مهنة
article_unknown_10,article,,4,5,"رئيس الجمهورية
بناءَ على أحكام الدستور
وعلى ما أقرّه مجلس الشعب في جلسته المنعقدة بتاريخ ١٤٨١١١
الموافق٢",,,,,8,0,0,,True,missing_first_article_number,المادة / إذا انتفى النص من هذا القانون فتطبق على المواد التجارية أحكام القانون المدني / ـ على أن تطبق هذه الأحكام لا يكون إلأ على نسبة اتفاقها مع المبادئ المختصة بالقانون التجاري والعرف التجاري / المادة ٣ / إذا لم يوجد نص تشريعي يمكن تطبيقه، فللقاضي أن يسترشد بما استقر عليه / الاجتهاد القضائى وبمباديئ العدالة والإنصاف والاستقامة التجارية / المادة٤ / ١ على القاضي عند تحديد أثار العمل التجاري أن يطبق العرف المتوطد إلآإذا / ظهر أن المتعاقدين قصدوا مخالفة العرف أو كان العرف متعارضأً مع النصوص / التش
article_unknown_11,article,,5,6,"رئيس الجمهورية
بناءَ على أحكام الدستور
وعلى ما أقرّه مجلس الشعب في جلسته المنعقدة بتاريخ ١٤٨١١١
الموافق٢",,,,,9,0,1,,True,missing_first_article_number,المادة / إن البورصات التجارية والمعارض والأسواق والمخازن العامة / والمستودعات وسائر المنشأت المُعدّة للتجارة تخضع على قدر الحاجة / لقوانين وأنظمة خاصة / الثاز / الباب / الأعمال التجارية / المادة٦ / ثُعدّ بحكم ماهيتها الذاتية أعمالاً تجارية / أ شراء المنقولات المادية وغير المادية لأجل بيعها بربح ما سواء بيعت على حالتها / أم بعد شغلها أو تحويلها / ب شراء تلك الأشياء المنقولة نفسها لأجل تأجيرها أو استثجارها لأجل تأجيرها / ثانية / جالبيع أو الاستئجار أو التأجير ثانية للأشياء المشتراة أو المستأجرة عل
article_unknown_12,article,,6,6,"رئيس الجمهورية
بناءَ على أحكام الدستور
وعلى ما أقرّه مجلس الشعب في جلسته المنعقدة بتاريخ ١٤٨١١١
الموافق٢",مشروع النشر,,,,2,1,0,,True,missing_first_article_number,لـمشروع المخازن العامة / المناجم والبترول مشروع
article_unknown_13,article,,6,6,"رئيس الجمهورية
بناءَ على أحكام الدستور
وعلى ما أقرّه مجلس الشعب في جلسته المنعقدة بتاريخ ١٤٨١١١
الموافق٢",مشروع النشر,,,,2,0,0,,True,missing_first_article_number,نمشروع الاشغال العقارية / س مشروع شراء العقارات لبيعها بربح
article_unknown_14,article,,6,6,"رئيس الجمهورية
بناءَ على أحكام الدستور
وعلى ما أقرّه مجلس الشعب في جلسته المنعقدة بتاريخ ١٤٨١١١
الموافق٢",مشروع النشر,,,,5,0,1,,True,missing_first_article_number,عمشروع وكالة اشغال / فـكل مشروع لإنشاء وشراء بواخر مُعدّة للملاحة الداخلية أو الخارجية، بقصد / استثمارها تجارياً أو بيعها وكل بيع للبواخر المشتراة على هذا الوجه / صـ جميع الإرساليات البحرية وكل عملية تتعلّق بها كالشراء أو بيع لوازمها من / حبال وأشرعة ومؤن / للل يي ي لوو يل ل ل لي ي لوي ي / خوسائر العقود المختصة بالتجارة البحرية كالاتفاقات والمقاولات على أجور البحار / وبدل خدمتهم واستخدامهم للعمل على بواخر تجارية
article_unknown_15,article,,6,6,"رئيس الجمهورية
بناءَ على أحكام الدستور
وعلى ما أقرّه مجلس الشعب في جلسته المنعقدة بتاريخ ١٤٨١١١
الموافق٢",مشروع النشر,,,,1,0,0,,True,missing_first_article_number,المادة
article_unknown_16,article,,6,6,"رئيس الجمهورية
بناءَ على أحكام الدستور
وعلى ما أقرّه مجلس الشعب في جلسته المنعقدة بتاريخ ١٤٨١١١
الموافق٢",مشروع النشر,,,,1,0,0,,True,missing_first_article_number,وتُعدّ كذلك من الأعمال التجارية بحكم ماهيتها الذاتية، الأعمال التي يمكن اعتبارها مجانسة للأعمال المتقدمة لتشابه صفاتها وغاياتها
article_unknown_17,article,,6,6,"رئيس الجمهورية
بناءَ على أحكام الدستور
وعلى ما أقرّه مجلس الشعب في جلسته المنعقدة بتاريخ ١٤٨١١١
الموافق٢",مشروع النشر,,,,2,0,0,,True,missing_first_article_number|llm_normalized_text_used,المادة / ١جميع الأعمال التي يقوم بها التاجر لحاجات تجارته ثعدّ تجارية أيضاً في نظر / القانون / ٢وعند قيام الشك، ثُعدّ أعمال التأجير صادرة منه لهذه الغاية إلآ إذا ثبت / العكس
article_unknown_18,article,,6,6,"رئيس الجمهورية
بناءَ على أحكام الدستور
وعلى ما أقرّه مجلس الشعب في جلسته المنعقدة بتاريخ ١٤٨١١١
الموافق٢",مشروع النشر,,,,3,0,0,,True,missing_first_article_number,جميع الأعمال التي يقوم بها التاجر لحاجات تجارته ثعّ تجارية أيضاً في نظر القانون / ٢وعند قيام الشك، ثُعدّ أعمال التأجير صادرة منه لهذه الغاية إلآ إذا ثبت / العكس / 7
article_unknown_19,article,,7,7,"رئيس الجمهورية
بناءَ على أحكام الدستور
وعلى ما أقرّه مجلس الشعب في جلسته المنعقدة بتاريخ ١٤٨١١١
الموافق٢",مشروع النشر,,,,2,0,0,,True,missing_first_article_number,الباب الثالث / التجار
article_unknown_20,article,,7,7,"رئيس الجمهورية
بناءَ على أحكام الدستور
وعلى ما أقرّه مجلس الشعب في جلسته المنعقدة بتاريخ ١٤٨١١١
الموافق٢",مشروع النشر,,,,1,0,0,,True,missing_first_article_number|llm_normalized_text_used,الفصل الأول
article_unknown_21,article,,7,7,"رئيس الجمهورية
بناءَ على أحكام الدستور
وعلى ما أقرّه مجلس الشعب في جلسته المنعقدة بتاريخ ١٤٨١١١
الموافق٢",مشروع النشر,,,,1,0,0,,True,missing_first_article_number,الفصل الأول / التجار على وجه عام والأهلية المطلوبة للاتجار / المادة ٩
article_unknown_22,article,,7,7,"رئيس الجمهورية
بناءَ على أحكام الدستور
وعلى ما أقرّه مجلس الشعب في جلسته المنعقدة بتاريخ ١٤٨١١١
الموافق٢",مشروع النشر,,,,1,0,1,,True,missing_first_article_number,المادة
article_unknown_23,article,,7,7,"رئيس الجمهورية
بناءَ على أحكام الدستور
وعلى ما أقرّه مجلس الشعب في جلسته المنعقدة بتاريخ ١٤٨١١١
الموافق٢",مشروع النشر,,,,2,0,0,,True,missing_first_article_number,المادة / إن الأفراد الذين يتعاطون تجارة صغيرة أو حرفة بسيطة ذات نفقات عامة / زهيدة بحيث يعتمدون في الغالب على مساعيهم البدنية للحصول على أرباح قليلة / لتأمين معيشهم أكثر من استادهم إلى رأس ما لهم النقدي، كالبائع الطواف أو البائع / بالمياومة أو الذين يقومون بنقليات صغيرة على البر أو سطح الماء، لا يخضعون / للواجبات المختصة بالدفاتر التجارية ولا لقواعد الشهر ولا لأحكام الإفلاس والصلح / الواقي المنصوص عليها في هذا القانون
article_unknown_24,article,,7,7,"رئيس الجمهورية
بناءَ على أحكام الدستور
وعلى ما أقرّه مجلس الشعب في جلسته المنعقدة بتاريخ ١٤٨١١١
الموافق٢",مشروع النشر,,,,2,0,0,,True,missing_first_article_number,المادة / كل من أعلن في الصحف أو النشرات أو أي واسطة أخرى عن نفسه كتاجر / أو عن المحل الذي أسسه أو يستثمره للاشتغال بالمعاملات التجارية يُعدّ تاجراً وإن لم يتخذ التجارة مهنة مألوفة له
article_unknown_25,article,,8,8,"رئيس الجمهورية
بناءَ على أحكام الدستور
وعلى ما أقرّه مجلس الشعب في جلسته المنعقدة بتاريخ ١٤٨١١١
الموافق٢",مشروع النشر,,,,2,0,0,,True,missing_first_article_number,المادة١ / لا يُعدّ تاجراً من قام بمعاملة تجارية عرضاً إلآأن المعاملة تكون خاضعة / لأحكام قانون التجارة
article_unknown_26,article,,8,8,"رئيس الجمهورية
بناءَ على أحكام الدستور
وعلى ما أقرّه مجلس الشعب في جلسته المنعقدة بتاريخ ١٤٨١١١
الموافق٢",مشروع النشر,,,,7,0,3,,True,missing_first_article_number,المادة ١٣ / ١لا ثعدّ الدولة ودوائرها ولا الوحدات الإدارية واللجان والنوادي والجمعيات ذات / الشخصية الاعتبارية من التجار وإن قامت بمعاملات تجارية، إلآ أن معاملاتها / المذكورة تكون خاضعة لأحكام قانون التجارة / ٢ـ تعتبر المؤسسات العامة وشركات القطاع العام والمشترك تاجراً، إذا كان موضوعها / تجارياً أو منحها القانون هذه الصفة / المادة ٤ / إذا اشتغل العاملون في الدولة الممنوعون من الاتجار قانوناً بالمعاملات / التجارية، فتشملهم الأحكام القانونية المتعلقة بالصلح الواقى والإفلاس / المادة ٥ / تخضع الأهلية
article_unknown_27,article,,8,8,"رئيس الجمهورية
بناءَ على أحكام الدستور
وعلى ما أقرّه مجلس الشعب في جلسته المنعقدة بتاريخ ١٤٨١١١
الموافق٢",مشروع النشر,,,,1,0,0,,True,missing_first_article_number,الفصل
article_unknown_28,article,,8,8,"رئيس الجمهورية
بناءَ على أحكام الدستور
وعلى ما أقرّه مجلس الشعب في جلسته المنعقدة بتاريخ ١٤٨١١١
الموافق٢",مشروع النشر,,,,1,0,0,,True,missing_first_article_number,المادة
article_unknown_29,article,,8,9,"رئيس الجمهورية
بناءَ على أحكام الدستور
وعلى ما أقرّه مجلس الشعب في جلسته المنعقدة بتاريخ ١٤٨١١١
الموافق٢",مشروع النشر,,,,4,0,3,,True,missing_first_article_number,التاجر / ا - على / أن ينظم على الأقلآ الدفترين الإجباريين التاليين : / أ دفتر اليومية يقيد فيه يوماً فيوماً جميع الأعمال التي تعود بوجه من الوجوه / إلى مؤسسته التجارية وأن يقيد بالجملة شهراً فشهراً النفقات التي أنفقها على / نفسه وأسرته وإذا كان التاجر يتبع الأسلوب الآلى فى محاسبته أو مسك / الدفاتر يومية مساعدة منظمة وفق أحكام المادتين ١٧و١٨ من هذا / القانون، فله أن يقيد أعماله فى دفتر اليومية شهراً فشهراً، على أن يحتفظ / بجميع الوثائق التي تتيح التدقيق في الأعمال المذكورة / ب دفتر جرد يتضمن جردا
article_unknown_30,article,,9,9,"رئيس الجمهورية
بناءَ على أحكام الدستور
وعلى ما أقرّه مجلس الشعب في جلسته المنعقدة بتاريخ ١٤٨١١١
الموافق٢",مشروع النشر,,,,4,0,1,,True,missing_first_article_number,بجميع الوثائق التي تتيح التدقيق في الأعمال المذكورة / بدفتر جرد يتضمن جرداً سنوياً للموجودات والمطاليب العائدة لمؤسسته وأن / يوقف حساباته سنوياً ليضع على أساسها الميزانية وحساب الأرباح والخسائر / وينسخها في دفتر الجرد / وعليه أن يحفظ ويرتب المراسلات التي يتلقاها وصور المراسلات التي / يرسلها / ٣يجب تتظيم دفتري اليومية والجرد باللغة العربية ولوزير الاقتصاد والتجارة أن / يعفي من هذا الشرط المؤسسات الأجنبية التي يحددها بقرار منه
article_unknown_31,article,,9,9,"رئيس الجمهورية
بناءَ على أحكام الدستور
وعلى ما أقرّه مجلس الشعب في جلسته المنعقدة بتاريخ ١٤٨١١١
الموافق٢",مشروع النشر,,,,9,0,1,,True,missing_first_article_number,المادة١ / يجب أن تنظم الدفاتر التجارية الإجبارية بحسب التاريخ وبلا بياض ولا فراغ / ولا نقل إلى الهامش ولا محو ولا تحشية بين السطور / المادة٨ / يجب ترقيم الدفاتر المذكورة والتأشير عليها وتوقيعها من رئيس محكمة البداية / المدنية أو من قاضي الصلح في المدن التي لا توجد فيها محكمة بداية / المادة٩ / ١يجب على التاجر أن يحفظ الدفاتر بعد اختتامها مدّة عشر سنوات / ٢للمؤسسات التجارية التى يعينها وزير الاقتصاد والتجارة أن تحتفظ للمدّة المذكورة / في الفقرة السابقة بالصورة بأية وسيلة إلكترونية تعتمدها وزارة ال
article_unknown_32,article,,10,10,"رئيس الجمهورية
بناءَ على أحكام الدستور
وعلى ما أقرّه مجلس الشعب في جلسته المنعقدة بتاريخ ١٤٨١١١
الموافق٢",مشروع النشر,,,,1,0,0,,True,missing_first_article_number,عندما يُبْنِي الإنسان مبانيه، فإن هذه المباني تُسَمّى بـ 'البناء' أو 'المبنى'.
article_unknown_33,article,,10,10,"رئيس الجمهورية
بناءَ على أحكام الدستور
وعلى ما أقرّه مجلس الشعب في جلسته المنعقدة بتاريخ ١٤٨١١١
الموافق٢",مشروع النشر,,,,5,0,0,,True,missing_first_article_number,المادة٢١ / فيما عدا الأحوال المذكورة في المادة السابقة يمكن على الدوام عرض الدفاتر / التجارية أو المطالبة بإبرازها لاستخلاص ما يتعلّق منها بالنزاع / وللقاضى أن يأمر من تلقاء نفسه الدفاتر المذكورة للغاية ذاتها / ٢ـوللقاضى أن يأمر من تلقاء نفسه الدفاتر المذكورة للغاية ذاتها / المادة٢٢ / يمكن للتجار مسك حساباتهم إلكترونياً وفقا للتعليمات التنفيذية التي تصدر / عن وزارة الاقتصاد والتجارة
article_unknown_34,article,,10,10,"رئيس الجمهورية
بناءَ على أحكام الدستور
وعلى ما أقرّه مجلس الشعب في جلسته المنعقدة بتاريخ ١٤٨١١١
الموافق٢",مشروع النشر,,,,8,0,2,,True,missing_first_article_number,الفصل الثالث / التجارة / سجل / المادة ٢٣ / سجل التجارة يمكن الجمهور من الحصول على المعلومات الوافية عن كل / المؤسسات التجارية التي تعمل في سورية / ٢وهو أيضاً أداة للشهر يقصد بها جعل من درجاته نافذة في حق الغير عند وجود / نص قانوني صريح بهذا المعنى / ٢ـوهو أيضاً أداة للشهر يقصد بها جعل من درجاته نافذة في حق الغير عند وجود / نص قانوني صريح بهذا المعنى / المادة ٤ / ٢ينظم لدى وزارة الاقتصاد والتجارة فى كل محافظة سجل لتسجيل أسماء التجار / والشركات التجارية والشركات المدنية وباقي المؤسسات التجارية يُط
article_unknown_35,article,,10,11,"رئيس الجمهورية
بناءَ على أحكام الدستور
وعلى ما أقرّه مجلس الشعب في جلسته المنعقدة بتاريخ ١٤٨١١١
الموافق٢",مشروع النشر,,,,4,0,0,,True,missing_first_article_number,عندما يُستخدم / تسجل أسماء التجار الذي تكون متاجرهم الرئيسية في سورية، مهما كانت / جنسيتهم / المادة ٢٥ / ١يجب على كل تاجر أن يطلب من أمين سجل التجارة في المحافظة التي يوجد / فيها مركزه الرئيسي أن يسجل اسمه في سجل التجارة في خلال شهر واحد من / تاريخ فتح المحل أو شرائه / على التاجر أن يقدم تصريحاً في نسختين موقعتين منه يذكر فيه ما يلي / أ-اسمه ونسبته / باسمه التجاري إذا اختلف عن اسمه وعنوانه التجاري / جتاريخ ولادته ومحلها وموطنه / د جنسيته الأصلية، وإذا كان قد حصل على جنسية أخرى، فيبين طريقة / حصو
article_unknown_36,article,,11,14,"رئيس الجمهورية
بناءَ على أحكام الدستور
وعلى ما أقرّه مجلس الشعب في جلسته المنعقدة بتاريخ ١٤٨١١١
الموافق٢",مشروع النشر,,,,14,0,2,,True,missing_first_article_number,عندما يُستخدم / المادة٢٦ / المادة٦ / ١يجب أن يذكر في سجل التجارة / أـ كل تعديل يتعلّق بالأمور التي تقضي المادة السابقة بقيدها في السجل / بشهادات الاختراع التي يستثمرها التاجر والعلامات التي يستعملها للمصنع / أو التجارة / جالأحكام والقرارات القاضية بتعيين وصيّ عليه أو قيّم أو مساعد قضائي / للتاجر المسجل أو بالحجر عليه أو برفع هذه التدابير عنه / دالأحكام والقرارات المعلنة للإفلاس أو المتضمنة تصديق الصلح أو فسخه / أو إبطاله أو المعلونة لمعذرة المفلس أو القاضية بإغلاق التفليسة لعدم كفاية / الموجودات
article_unknown_37,article,,14,14,"رئيس الجمهورية
بناءَ على أحكام الدستور
وعلى ما أقرّه مجلس الشعب في جلسته المنعقدة بتاريخ ١٤٨١١١
الموافق٢",مشروع النشر,,,,3,0,2,,True,missing_first_article_number,الشركات المدنية / المادة٢ / ٣ـ على الشركات المذكورة في الفقرتين السابقتين تسجيل نفسها في السجل المذكور / وإيداع صك تأسيسها ونظامها الأساسي ديوان محكمة البداية في مركزها إذا / أرادت الاحتجاج بشخصيتها الإعتبارية حيال الغير
article_unknown_38,article,,14,14,"رئيس الجمهورية
بناءَ على أحكام الدستور
وعلى ما أقرّه مجلس الشعب في جلسته المنعقدة بتاريخ ١٤٨١١١
الموافق٢",مشروع النشر,,,,2,0,0,,True,missing_first_article_number,المادة٣ / إذا توفي تاجر أو انقطع عن تعاطى تجارته أو إذا انحلّت إحدى الشركات وجب / شطب التسجيل المختص بهما فى سجل التجارة
article_unknown_39,article,,14,14,"رئيس الجمهورية
بناءَ على أحكام الدستور
وعلى ما أقرّه مجلس الشعب في جلسته المنعقدة بتاريخ ١٤٨١١١
الموافق٢",مشروع النشر,,,,5,0,0,,True,missing_first_article_number,أمين / ٢ - ويجري هذا الشطب مباشرة بمقتضى قرار يصدره / سجل التجارة. / المادة ٣٢ / ١كل قيد فى سجل التجارة لم يحدد له ميعاد فى المواد السابقة يجب طلب إجرائه / في خلال شهر يبتدئ من تاريخ الوثيقة أو العمل الذي يراد قيده / أما الأحكام والقرارات فيبتدى ميعادها من يوم صدورها / أما الأحكام والقرارات فيبتدئ ميعادها من يوم صدورها / 3
article_unknown_40,article,,15,15,"رئيس الجمهورية
بناءَ على أحكام الدستور
وعلى ما أقرّه مجلس الشعب في جلسته المنعقدة بتاريخ ١٤٨١١١
الموافق٢",مشروع النشر,,,,1,0,0,,True,missing_first_article_number,عندما يُستخدم
article_unknown_41,article,,15,15,"رئيس الجمهورية
بناءَ على أحكام الدستور
وعلى ما أقرّه مجلس الشعب في جلسته المنعقدة بتاريخ ١٤٨١١١
الموافق٢",مشروع النشر,,,,7,0,0,,True,missing_first_article_number,المادة ٣٣ / إن جميع التسجيلات والقيود في سجل التجارة تجري بعد تصريح يقدم وفاقاً للصيغ التي نص عليها / المادة ٣٤ / على أمين سجل التجارة أن يرفض إجراء القيود المطلوبة إذا تبين له أن / التصريحات المقدمة لا تشتمل على كل البيانات المنصوص عليها أو كانت تتعارض / مع الوثائق الثبوتية المرفقة بها أو مع أحكام القانون / المادة ٣٥ / ١يجوز لكل شخص أن يطلب إعطاءه نسخة عن القيود المدرجة في السجل مقابل / يجوز لكل شخص أن يطلب إعطاءه نسخة عن القيود المدرجة فى السجل مقابل / رسم يحدد من الوزير المختص / ٢ولأمين السجل
article_unknown_42,article,,15,15,"رئيس الجمهورية
بناءَ على أحكام الدستور
وعلى ما أقرّه مجلس الشعب في جلسته المنعقدة بتاريخ ١٤٨١١١
الموافق٢",مشروع النشر,,,,1,0,0,,True,missing_first_article_number,٢- ولأمين السجل / عند / الاقتضاء أن يعطي شهادة بعدم وجود قيود
article_unknown_43,article,,15,15,"رئيس الجمهورية
بناءَ على أحكام الدستور
وعلى ما أقرّه مجلس الشعب في جلسته المنعقدة بتاريخ ١٤٨١١١
الموافق٢",مشروع النشر,,,,5,0,1,,True,missing_first_article_number,٣ـويصدّق أمين السجل مطابقة النسخ للأصل / المادة٢٦ / لا يجوز أن يذكر في النسخ التي يسلمها أمين السجل / ١الأحكام المعلنة للإفلاس إذا كان المفلس قد استرد اعتباره / f / ـ الأحكام القاضية بالحجر أو تعيين مساعد قضائي إذا كان قد صدر القرار برفع / الحجر أو المساعدة القضائية
article_unknown_44,article,,15,16,"رئيس الجمهورية
بناءَ على أحكام الدستور
وعلى ما أقرّه مجلس الشعب في جلسته المنعقدة بتاريخ ١٤٨١١١
الموافق٢",مشروع النشر,,,,15,0,7,,True,missing_first_article_number,الحجر أو المساعدة القضائية / المادة٣٧ / كل تاجر وكل شركة ملزمين بالتسجيل يجب عليهما أن يذكرا المكان الذي سجلا فيه ورقم هذا التسجيل في مراسلاتهما وفواتيرهما ومذكرات التسليم والتعريفات والمنشورات وسائر الأوراق الصادرة عنهما / المادة٣٨ / ١ـكل تاجر وكل شخص يكلف بإدارة شركة لا يطلب في المراعيد المنصوص / عليها إجراء القيود الإجبارية أو لايذكر ما يجب ذكره على المراسلات أو الفواتير / ١ / ةيي ي ية و ي و ة ويي ول ل ي د / و ة ي يه هي و ل لي ي هي يلي / النيابة العامة بعد سماع أقوال صاحب الشأن أو دعوته بحسب 
article_unknown_45,article,,16,17,"رئيس الجمهورية
بناءَ على أحكام الدستور
وعلى ما أقرّه مجلس الشعب في جلسته المنعقدة بتاريخ ١٤٨١١١
الموافق٢",مشروع النشر,,,,3,0,0,,True,missing_first_article_number,المادة٤١ / كل شخص طبيعي أو اعتباري يدعي بصفته التجارية أمام المحاكم أو يراجع / لمصلحته بالصفة ذاتها الدوائر الإدارية أو المؤسسات العامة، لا يسمح ادعاؤه ولا / تقبل مراجعته ما لم يكن مسجلاً في سجل التجارة / المادة ٤٢
article_unknown_46,article,,17,17,"رئيس الجمهورية
بناءَ على أحكام الدستور
وعلى ما أقرّه مجلس الشعب في جلسته المنعقدة بتاريخ ١٤٨١١١
الموافق٢",مشروع النشر,,,,2,0,0,,True,missing_first_article_number,١ تفصل محكمة البداية المدنية في المحافظة التي يوجد فيها سجل التجارة، في / كل خلاف يقع بين أمين سجل التجارة وأصحاب العلاقة، بقرار يتخذ في غرفة / المذاكرة، وعليها إصدار قرارها خلال شهر من تاريخ الادعاء / ٢يخضع قرار محكمة البداية المدنية للطعن بطريق الاستئناف وعلى محكمة / الاستئناف أن تفصل فيه بصورة نهائية وبقرار غير قابل للطعن يصدر خلال / ثلاثة أشهر من تاريخ تقديم الطعن
article_unknown_47,article,,17,17,"رئيس الجمهورية
بناءَ على أحكام الدستور
وعلى ما أقرّه مجلس الشعب في جلسته المنعقدة بتاريخ ١٤٨١١١
الموافق٢","الباب
الربع
المتجر
الفصل الأول
مفهوم
المتجر
المادة
٤٣",,,,1,1,0,,True,missing_first_article_number,المتجر
article_unknown_48,article,,17,17,"رئيس الجمهورية
بناءَ على أحكام الدستور
وعلى ما أقرّه مجلس الشعب في جلسته المنعقدة بتاريخ ١٤٨١١١
الموافق٢","الباب
الربع
المتجر
الفصل الأول
مفهوم
المتجر
المادة
٤٣",,,,3,0,0,,True,missing_first_article_number,المتجر مجموعة عناصر مادية وغير مادية تهدف إلى مارسة مهنة تجارية / يشتمل المتجر مبدئياً على الاسم التجاري والعنوان التجاري والشعار وحق / الاتصال بالزيائن وحق الاستئجار المنصوص عليه فى قوانين الإيجار الخاصة / وتعديلاتهاء، والتجهيزات والعدد الصناعية والأثاث والبراءات والإجازات والرسوم / والنماذج، ما لم يستثن بعض هذه العناصر من محتويات المتجر بالنص على / ذلك في سجل المتجر أو في العقود الواردة عليه / المادة ٤٤ / ١إن حقوق صاحب المتجر على مختلف عناصره تتظمها القوانين الخاصة بهذه / العناصر والمبادي الحق
article_unknown_49,article,,17,17,"رئيس الجمهورية
بناءَ على أحكام الدستور
وعلى ما أقرّه مجلس الشعب في جلسته المنعقدة بتاريخ ١٤٨١١١
الموافق٢","الباب
الربع
المتجر
الفصل الأول
مفهوم
المتجر
المادة
٤٣",,,,1,0,0,,True,missing_first_article_number,٢ـأما المتجر كمجموعة فيخضع لأحكام هذا القانون
