page,region_id,label,selected_engine,confidence,selection_reason,crop_path,selected_text
page_0003,page_0003_raw_0005,image,paddleocr_colab_rec_texts,0.7248,image_label_treated_as_text_container_paddle_kept,layout_output\raw_box_crops\page_0003\page_0003_raw_0005.png,قانون التجارة / رقم ٣٣ للعام ٢٠٠٧ / رئيس الجمهورية / بناءَ على أحكام الدستور / وعلى ما أقرّه مجلس الشعب في جلسته المنعقدة بتاريخ ١٤٨١١٧ه / الموافق١ / ي / ا / اع و ل ي يي ي ية / اة / ال قي ة يو ي ي للول و و ل ل ي / ليو ي ي ي و لي ة ع ي ٥ ة ة / المادة ٣ / ينشر هذا القانون في الجريدة الرسمية ويعمل به اعتباراً من تاريخ / ٢٠٠٨٤١ / م٩ق في٤ه الموافق ٢ / رئيس الجمهورية / بشار الأسد
page_0003,page_0003_raw_0010,doc_title,easyocr,0.7065,easyocr_preferred_for_title_like_or_small_box,layout_output\raw_box_crops\page_0003\page_0003_raw_0010.png,قانون التجارة ٧ رقم ٣٣ للعام
page_0003,page_0003_raw_0013,doc_title,easyocr,0.4357,easyocr_preferred_for_title_like_or_small_box,layout_output\raw_box_crops\page_0003\page_0003_raw_0013.png,قانون التجارة
page_0003,page_0003_raw_0006,doc_title,easyocr,0.7325,easyocr_preferred_for_title_like_or_small_box,layout_output\raw_box_crops\page_0003\page_0003_raw_0006.png,٧ رقم ٣٣ للعام م
page_0003,page_0003_raw_0018,formula,paddleocr_colab_rec_texts,0.8317,paddle_kept_for_body_or_default,layout_output\raw_box_crops\page_0003\page_0003_raw_0018.png,رئيس الجمهورية / بناءَ على أحكام الدستور / وعلى ما أقرّه مجلس الشعب في جلسته المنعقدة بتاريخ ١٤٢٨١١١٧ه / الموافق٢ / يصدر ما يلي / المادة / تطبق أحكام قانون التجارة المرفق اعتباراً من تاريخ سريانه / المادة / يلغى اعتباراً من التاريخ المنكور المرسوم التشريعي رقم ١٤٩ الصادر في / ١٩٤٩٦٢م وتعديلاته وجميع الأحكام المخالفة لقانون التجارة المرفق / المادة٣ / ينشر هذا القانون في الجريدة الرسمية ويعمل به اعت
page_0003,page_0003_raw_0021,text,paddleocr_colab_rec_texts,0.8842,paddle_kept_for_body_or_default,layout_output\raw_box_crops\page_0003\page_0003_raw_0021.png,رئيس الجمهورية / بناءَ على أحكام الدستور / وعلى ما أقرّه مجلس الشعب في جلسته المنعقدة بتاريخ ١٤٨١١١ / الموافق٢
page_0003,page_0003_raw_0017,text,easyocr,0.6301,easyocr_preferred_for_title_like_or_small_box,layout_output\raw_box_crops\page_0003\page_0003_raw_0017.png,الجمهورية -ئيس
page_0003,page_0003_raw_0019,text,paddleocr_colab_rec_texts,0.9253,paddle_kept_for_body_or_default,layout_output\raw_box_crops\page_0003\page_0003_raw_0019.png,بناءَ على أحكام الدستور
page_0003,page_0003_raw_0015,text,paddleocr_colab_rec_texts,0.7939,paddle_kept_for_body_or_default,layout_output\raw_box_crops\page_0003\page_0003_raw_0015.png,وعلى ما أقرّه مجلس الشعب في جلسته المنعقدة بتاريخ ١٤٨١١١٧ / الموافق١
page_0003,page_0003_raw_0020,text,easyocr,0.9903,easyocr_preferred_for_title_like_or_small_box,layout_output\raw_box_crops\page_0003\page_0003_raw_0020.png,يصدر يلي
page_0003,page_0003_raw_0011,text,easyocr,0.8126,easyocr_preferred_for_title_like_or_small_box,layout_output\raw_box_crops\page_0003\page_0003_raw_0011.png,المادة
page_0003,page_0003_raw_0007,text,paddleocr_colab_rec_texts,0.9566,paddle_kept_for_body_or_default,layout_output\raw_box_crops\page_0003\page_0003_raw_0007.png,تطبق أحكام قانون التجارة المرفق اعتباراً من تاريخ سريانه
page_0003,page_0003_raw_0012,text,easyocr,0.9967,easyocr_preferred_for_title_like_or_small_box,layout_output\raw_box_crops\page_0003\page_0003_raw_0012.png,المادة
page_0003,page_0003_raw_0008,text,paddleocr_colab_rec_texts,0.9397,paddle_kept_for_body_or_default,layout_output\raw_box_crops\page_0003\page_0003_raw_0008.png,يلغى اعتباراً من التاريخ المذكور المرسوم التشريعي رقم ١٤٩ الصادر في / ١٩٤٩٦م وتعديلاته وجميع الأحكام المخالفة لقانون التجارة المرفق
page_0003,page_0003_raw_0009,paragraph_title,easyocr,0.9981,easyocr_preferred_for_title_like_or_small_box,layout_output\raw_box_crops\page_0003\page_0003_raw_0009.png,المادة
page_0003,page_0003_raw_0002,text,paddleocr_colab_rec_texts,0.8991,paddle_kept_for_body_or_default,layout_output\raw_box_crops\page_0003\page_0003_raw_0002.png,ينشر هذا القانون في الجريدة الرسمية ويعمل به اعتباراً من تاريخ / ٢٠٨٤١
page_0003,page_0003_raw_0023,text,paddleocr_colab_rec_texts,0.9559,paddle_kept_for_body_or_default,layout_output\raw_box_crops\page_0003\page_0003_raw_0023.png,ينشر هذا القانون في الجريدة الرسمية ويعمل به اعتباراً من تاريخ
page_0003,page_0003_raw_0022,text,easyocr,0.8559,paddle_empty_easyocr_available,layout_output\raw_box_crops\page_0003\page_0003_raw_0022.png,١ ٤ ٢٠٠٨
page_0003,page_0003_raw_0004,text,easyocr,0.7571,easyocr_used_for_low_paddle_confidence_body,layout_output\raw_box_crops\page_0003\page_0003_raw_0004.png,الموافق / _ / دمشق / ٢٩ ١ ٤٢٨ / اهر / ٩ ١٢ ٢٠٠٧م
page_0003,page_0003_raw_0003,text,paddleocr_colab_rec_texts,0.9728,paddle_kept_for_body_or_default,layout_output\raw_box_crops\page_0003\page_0003_raw_0003.png,الجمهورية / رئيس / بشار الأسد
page_0003,page_0003_raw_0016,text,easyocr,0.7599,easyocr_preferred_for_title_like_or_small_box,layout_output\raw_box_crops\page_0003\page_0003_raw_0016.png,رئيس الجمهورية
page_0003,page_0003_raw_0014,text,easyocr,0.6937,easyocr_preferred_for_title_like_or_small_box,layout_output\raw_box_crops\page_0003\page_0003_raw_0014.png,بشار الأسد
page_0003,page_0003_raw_0001,number,paddleocr_colab_rec_texts,0.987,paddle_kept_for_body_or_default,layout_output\raw_box_crops\page_0003\page_0003_raw_0001.png,٣
page_0004,page_0004_raw_0032,image,paddleocr_colab_rec_texts,0.9485,image_label_treated_as_text_container_paddle_kept,layout_output\raw_box_crops\page_0004\page_0004_raw_0032.png,التجارة / قانون / الكتاب الأول / التجارة على وم والجار والموات التجاالمتجر / الباب الأول / أحكام عامة / المادة
page_0004,page_0004_raw_0034,text,paddleocr_colab_rec_texts,0.8931,paddle_kept_for_body_or_default,layout_output\raw_box_crops\page_0004\page_0004_raw_0034.png,أحكام عامة
page_0004,page_0004_raw_0033,figure_title,easyocr,0.7068,easyocr_preferred_for_title_like_or_small_box,layout_output\raw_box_crops\page_0004\page_0004_raw_0033.png,المادة
page_0004,page_0004_raw_0024,text,paddleocr_colab_rec_texts,0.9593,paddle_kept_for_body_or_default,layout_output\raw_box_crops\page_0004\page_0004_raw_0024.png,يتضمن هذا القانون القواعد المختصة بالأعمال التجارية التي يقوم بها أي / شخص مهما كانت صفته القانونية ويتضمن من جهة أخرى الأحكام التي تطبق / على الأشخاص الذين اتخذوا التجارة مهنة
page_0004,page_0004_raw_0028,paragraph_title,easyocr,0.4901,easyocr_preferred_for_title_like_or_small_box,layout_output\raw_box_crops\page_0004\page_0004_raw_0028.png,المادة
page_0004,page_0004_raw_0027,text,paddleocr_colab_rec_texts,0.9464,paddle_kept_for_body_or_default,layout_output\raw_box_crops\page_0004\page_0004_raw_0027.png,إذا انتفى النص من هذا القانون فتطبق على المواد التجارية أحكام القانون المدني / ـ على أن تطبق هذه الأحكام لا يكون إلأ على نسبة اتفاقها مع المبادئ المختصة / بالقانون التجاري والعرف التجاري
page_0004,page_0004_raw_0031,paragraph_title,easyocr,0.6577,easyocr_preferred_for_title_like_or_small_box,layout_output\raw_box_crops\page_0004\page_0004_raw_0031.png,المادة
page_0004,page_0004_raw_0025,text,paddleocr_colab_rec_texts,0.9393,paddle_kept_for_body_or_default,layout_output\raw_box_crops\page_0004\page_0004_raw_0025.png,إذا لم يوجد نص تشريعي يمكن تطبيقه، فللقاضي أن يسترشد بما استقر عليه / الاجتهاد القضائى وبمباديئ العدالة والإنصاف والاستقامة التجارية
page_0004,page_0004_raw_0030,paragraph_title,easyocr,0.9822,easyocr_preferred_for_title_like_or_small_box,layout_output\raw_box_crops\page_0004\page_0004_raw_0030.png,المادة
page_0004,page_0004_raw_0026,text,paddleocr_colab_rec_texts,0.9451,paddle_kept_for_body_or_default,layout_output\raw_box_crops\page_0004\page_0004_raw_0026.png,١ على القاضي عند تحديد أثار العمل التجاري أن يطبق العرف المتوطد إلآإذا / ظهر أن المتعاقدين قصدوا مخالفة العرف أو كان العرف متعارضأً مع النصوص / التشريعية الإلزامية
page_0004,page_0004_raw_0029,number,paddleocr_colab_rec_texts,0.7917,paddle_kept_for_body_or_default,layout_output\raw_box_crops\page_0004\page_0004_raw_0029.png,3
page_0005,page_0005_raw_0040,text,paddleocr_colab_rec_texts,0.9173,paddle_kept_for_body_or_default,layout_output\raw_box_crops\page_0005\page_0005_raw_0040.png,٢ويعدّ العرف الخأص والعرف المحلي مرجحين على العرف العام
page_0005,page_0005_raw_0041,paragraph_title,easyocr,0.9719,easyocr_preferred_for_title_like_or_small_box,layout_output\raw_box_crops\page_0005\page_0005_raw_0041.png,المادة
page_0005,page_0005_raw_0035,text,paddleocr_colab_rec_texts,0.9454,paddle_kept_for_body_or_default,layout_output\raw_box_crops\page_0005\page_0005_raw_0035.png,إن البورصات التجارية والمعارض والأسواق والمخازن العامة / والمستودعات وسائر المنشأت المُعدّة للتجارة تخضع على قدر الحاجة / لقوانين وأنظمة خاصة
page_0005,page_0005_raw_0036,image,paddleocr_colab_rec_texts,0.94,image_label_treated_as_text_container_paddle_kept,layout_output\raw_box_crops\page_0005\page_0005_raw_0036.png,الثاز / الباب / الأعمال التجارية
page_0005,page_0005_raw_0039,figure_title,easyocr,0.6849,easyocr_preferred_for_title_like_or_small_box,layout_output\raw_box_crops\page_0005\page_0005_raw_0039.png,المادة
page_0005,page_0005_raw_0038,text,paddleocr_colab_rec_texts,0.9512,paddle_kept_for_body_or_default,layout_output\raw_box_crops\page_0005\page_0005_raw_0038.png,ثُعدّ بحكم ماهيتها الذاتية أعمالاً تجارية / أ شراء المنقولات المادية وغير المادية لأجل بيعها بربح ما سواء بيعت على حالتها / أم بعد شغلها أو تحويلها / ب شراء تلك الأشياء المنقولة نفسها لأجل تأجيرها أو استثجارها لأجل تأجيرها / ثانية / جالبيع أو الاستئجار أو التأجير ثانية للأشياء المشتراة أو المستأجرة على الوجه / المبين فيما تقدم / د أعمال الصرافة والمبادلة المالية ومعاملات المصارف العامة والخاصة / ه
page_0005,page_0005_raw_0043,text,paddleocr_colab_rec_texts,0.8867,paddle_kept_for_body_or_default,layout_output\raw_box_crops\page_0005\page_0005_raw_0043.png,تعدّ بحكم ماهيتها الذاتية أعمالاً تجارية
page_0005,page_0005_raw_0045,text,paddleocr_colab_rec_texts,0.9418,paddle_kept_for_body_or_default,layout_output\raw_box_crops\page_0005\page_0005_raw_0045.png,أـ شراء المنقولات المادية وغير المادية لأجل بيعها بربح ما سواء بيعت على حالتها / أم بعد شغلها أو تحويلها
page_0005,page_0005_raw_0042,text,paddleocr_colab_rec_texts,0.8782,paddle_kept_for_body_or_default,layout_output\raw_box_crops\page_0005\page_0005_raw_0042.png,ب شراء تلك الأشياء المنقولة نفسها لأجل تأجيرها أو استئجارها لأجل تأجيرها / ثانية / -
page_0005,page_0005_raw_0044,text,paddleocr_colab_rec_texts,0.9606,paddle_kept_for_body_or_default,layout_output\raw_box_crops\page_0005\page_0005_raw_0044.png,جالبيع أو الاستئجار أو التأجير ثانية للأشياء المشتراة أو المستأجرة على الوجه / المبين فيما تقدم
page_0005,page_0005_raw_0037,number,paddleocr_colab_rec_texts,0.2692,paddle_kept_for_body_or_default,layout_output\raw_box_crops\page_0005\page_0005_raw_0037.png,.
page_0006,page_0006_raw_0055,text,paddleocr_colab_rec_texts,0.9329,paddle_kept_for_body_or_default,layout_output\raw_box_crops\page_0006\page_0006_raw_0055.png,ك مشروع النشر / ل مشروع المخازن العامة / ممشروع المناجم والبترول / نمشروع الاشغال العقارية / سمشروع شراء العقارات لبيعها بربح / عمشروع وكالة اشغال / فـكل مشروع لإنشاء وشراء بواخر معدّة للملاحة الداخلية أو الخارجية، بقصد / استثمارها تجارياً أو بيعها وكل بيع للبواخر المشتراة على هذا الوجه / صـ جميع الإرساليات البحرية وكل عملية تتعلّق بها كالشراء أو بيع لوازمها من / حبال وأشرعة ومؤن / ث إجارة السفن أ
page_0006,page_0006_raw_0062,text,easyocr,0.6859,easyocr_preferred_for_title_like_or_small_box,layout_output\raw_box_crops\page_0006\page_0006_raw_0062.png,ك - مشروع النشر
page_0006,page_0006_raw_0060,text,paddleocr_colab_rec_texts,0.9628,paddle_kept_for_body_or_default,layout_output\raw_box_crops\page_0006\page_0006_raw_0060.png,لـمشروع المخازن العامة
page_0006,page_0006_raw_0065,text,paddleocr_colab_rec_texts,0.931,paddle_kept_for_body_or_default,layout_output\raw_box_crops\page_0006\page_0006_raw_0065.png,ممشروع المناجم والبترول
page_0006,page_0006_raw_0059,text,paddleocr_colab_rec_texts,0.9589,paddle_kept_for_body_or_default,layout_output\raw_box_crops\page_0006\page_0006_raw_0059.png,نمشروع الاشغال العقارية
page_0006,page_0006_raw_0058,text,paddleocr_colab_rec_texts,0.9313,paddle_kept_for_body_or_default,layout_output\raw_box_crops\page_0006\page_0006_raw_0058.png,س مشروع شراء العقارات لبيعها بربح
page_0006,page_0006_raw_0061,text,paddleocr_colab_rec_texts,0.9105,paddle_kept_for_body_or_default,layout_output\raw_box_crops\page_0006\page_0006_raw_0061.png,عمشروع وكالة اشغال
page_0006,page_0006_raw_0056,text,paddleocr_colab_rec_texts,0.9529,paddle_kept_for_body_or_default,layout_output\raw_box_crops\page_0006\page_0006_raw_0056.png,فـكل مشروع لإنشاء وشراء بواخر مُعدّة للملاحة الداخلية أو الخارجية، بقصد / استثمارها تجارياً أو بيعها وكل بيع للبواخر المشتراة على هذا الوجه
page_0006,page_0006_raw_0053,text,paddleocr_colab_rec_texts,0.9332,paddle_kept_for_body_or_default,layout_output\raw_box_crops\page_0006\page_0006_raw_0053.png,صـ جميع الإرساليات البحرية وكل عملية تتعلّق بها كالشراء أو بيع لوازمها من / حبال وأشرعة ومؤن
page_0006,page_0006_raw_0054,text,paddleocr_colab_rec_texts,0.4992,paddle_kept_for_body_or_default,layout_output\raw_box_crops\page_0006\page_0006_raw_0054.png,للل يي ي لوو يل ل ل لي ي لوي ي
page_0006,page_0006_raw_0057,text,paddleocr_colab_rec_texts,0.9587,paddle_kept_for_body_or_default,layout_output\raw_box_crops\page_0006\page_0006_raw_0057.png,خوسائر العقود المختصة بالتجارة البحرية كالاتفاقات والمقاولات على أجور البحار / وبدل خدمتهم واستخدامهم للعمل على بواخر تجارية
page_0006,page_0006_raw_0063,text,paddleocr_colab_rec_texts,0.9884,paddle_kept_for_body_or_default,layout_output\raw_box_crops\page_0006\page_0006_raw_0063.png,وبدل خدمتهم واستخدامهم للعمل على بواخر تجارية
page_0006,page_0006_raw_0049,paragraph_title,easyocr,0.9864,easyocr_preferred_for_title_like_or_small_box,layout_output\raw_box_crops\page_0006\page_0006_raw_0049.png,المادة
page_0006,page_0006_raw_0048,text,paddleocr_colab_rec_texts,0.9517,paddle_kept_for_body_or_default,layout_output\raw_box_crops\page_0006\page_0006_raw_0048.png,وتُعدّ كذلك من الأعمال التجارية بحكم ماهيتها الذاتية، الأعمال التي يمكن / اعتبارها مجانسة للأعمال المتقدمة لتشابه صفاتها وغاياتها
page_0006,page_0006_raw_0050,paragraph_title,easyocr,0.9977,easyocr_preferred_for_title_like_or_small_box,layout_output\raw_box_crops\page_0006\page_0006_raw_0050.png,المادة
page_0006,page_0006_raw_0064,text,paddleocr_colab_rec_texts,0.9628,paddle_kept_for_body_or_default,layout_output\raw_box_crops\page_0006\page_0006_raw_0064.png,١جميع الأعمال التي يقوم بها التاجر لحاجات تجارته ثعدّ تجارية أيضاً في نظر / القانون / ٢وعند قيام الشك، ثُعدّ أعمال التأجير صادرة منه لهذه الغاية إلآ إذا ثبت / العكس
page_0006,page_0006_raw_0052,text,paddleocr_colab_rec_texts,0.9724,paddle_kept_for_body_or_default,layout_output\raw_box_crops\page_0006\page_0006_raw_0052.png,جميع الأعمال التي يقوم بها التاجر لحاجات تجارته ثعّ تجارية أيضاً في نظر / القانون
page_0006,page_0006_raw_0051,text,paddleocr_colab_rec_texts,0.974,paddle_kept_for_body_or_default,layout_output\raw_box_crops\page_0006\page_0006_raw_0051.png,٢وعند قيام الشك، ثُعدّ أعمال التأجير صادرة منه لهذه الغاية إلآ إذا ثبت / العكس
page_0006,page_0006_raw_0046,text,paddleocr_colab_rec_texts,0.533,paddle_kept_for_body_or_default,layout_output\raw_box_crops\page_0006\page_0006_raw_0046.png,L
page_0006,page_0006_raw_0047,number,paddleocr_colab_rec_texts,0.8425,paddle_kept_for_body_or_default,layout_output\raw_box_crops\page_0006\page_0006_raw_0047.png,7
page_0007,page_0007_raw_0071,header,easyocr,0.5836,easyocr_preferred_for_title_like_or_small_box,layout_output\raw_box_crops\page_0007\page_0007_raw_0071.png,الباب الثالث
page_0007,page_0007_raw_0073,text,easyocr,0.3344,easyocr_preferred_for_title_like_or_small_box,layout_output\raw_box_crops\page_0007\page_0007_raw_0073.png,التجحار
page_0007,page_0007_raw_0076,text,paddleocr_colab_rec_texts,0.8848,paddle_kept_for_body_or_default,layout_output\raw_box_crops\page_0007\page_0007_raw_0076.png,الفصل الأول
page_0007,page_0007_raw_0072,text,paddleocr_colab_rec_texts,0.9214,paddle_kept_for_body_or_default,layout_output\raw_box_crops\page_0007\page_0007_raw_0072.png,الفصل الأول / التجار على وجه عام والأهلية المطلوبة للاتجار / المادة ٩
page_0007,page_0007_raw_0074,text,easyocr,0.9929,easyocr_preferred_for_title_like_or_small_box,layout_output\raw_box_crops\page_0007\page_0007_raw_0074.png,المادة
page_0007,page_0007_raw_0069,text,paddleocr_colab_rec_texts,0.5837,paddle_kept_for_body_or_default,layout_output\raw_box_crops\page_0007\page_0007_raw_0069.png,ي لي ي ي و مل ي يي / ي ي ي ف / لةي و ي ي ي ي ل ي ييي و يو ل و ة / لي يق ي ي يي ي قووي يلع وي ي لي ل ل مّي ل ل ي ي ي / الع يل ي ل ي ولوم ل ل٥ ول ي ل٥ ي / المادة
page_0007,page_0007_raw_0075,figure_title,easyocr,0.9953,easyocr_preferred_for_title_like_or_small_box,layout_output\raw_box_crops\page_0007\page_0007_raw_0075.png,المادة
page_0007,page_0007_raw_0066,text,paddleocr_colab_rec_texts,0.9544,paddle_kept_for_body_or_default,layout_output\raw_box_crops\page_0007\page_0007_raw_0066.png,إن الأفراد الذين يتعاطون تجارة صغيرة أو حرفة بسيطة ذات نفقات عامة / زهيدة بحيث يعتمدون في الغالب على مساعيهم البدنية للحصول على أرباح قليلة / لتأمين معيشهم أكثر من استادهم إلى رأس ما لهم النقدي، كالبائع الطواف أو البائع / بالمياومة أو الذين يقومون بنقليات صغيرة على البر أو سطح الماء، لا يخضعون / للواجبات المختصة بالدفاتر التجارية ولا لقواعد الشهر ولا لأحكام الإفلاس والصلح / الواقي المنصوص عليها في
page_0007,page_0007_raw_0070,paragraph_title,easyocr,0.9981,easyocr_preferred_for_title_like_or_small_box,layout_output\raw_box_crops\page_0007\page_0007_raw_0070.png,المادة
page_0007,page_0007_raw_0067,text,paddleocr_colab_rec_texts,0.9391,paddle_kept_for_body_or_default,layout_output\raw_box_crops\page_0007\page_0007_raw_0067.png,كل من أعلن في الصحف أو النشرات أو أي واسطة أخرى عن نفسه كتاجر / أو عن المحل الذي أسسه أو يستثمره للاشتغال بالمعاملات التجارية يُعدّ تاجراً وإن / لم يتخذ التجارة مهنة مألوفة له
page_0007,page_0007_raw_0068,number,paddleocr_colab_rec_texts,0.658,paddle_kept_for_body_or_default,layout_output\raw_box_crops\page_0007\page_0007_raw_0068.png,V
page_0008,page_0008_raw_0084,paragraph_title,easyocr,0.8254,easyocr_preferred_for_title_like_or_small_box,layout_output\raw_box_crops\page_0008\page_0008_raw_0084.png,المادة
page_0008,page_0008_raw_0077,text,paddleocr_colab_rec_texts,0.8896,paddle_kept_for_body_or_default,layout_output\raw_box_crops\page_0008\page_0008_raw_0077.png,لا يُعدّ تاجراً من قام بمعاملة تجارية عرضاً إلآأن المعاملة تكون خاضعة / لأحكام قانون التجارة
page_0008,page_0008_raw_0080,paragraph_title,easyocr,0.5827,easyocr_preferred_for_title_like_or_small_box,layout_output\raw_box_crops\page_0008\page_0008_raw_0080.png,المادة ٢
page_0008,page_0008_raw_0094,text,paddleocr_colab_rec_texts,0.9536,paddle_kept_for_body_or_default,layout_output\raw_box_crops\page_0008\page_0008_raw_0094.png,١لا ثعدّ الدولة ودوائرها ولا الوحدات الإدارية واللجان والنوادي والجمعيات ذات / الشخصية الاعتبارية من التجار وإن قامت بمعاملات تجارية، إلآ أن معاملاتها / المذكورة تكون خاضعة لأحكام قانون التجارة / تعتبر المؤسسات العامة وشركات القطاع العام والمشترك تاجراً، إذا كان موضوعها / تجارياً أو منحها القانون هذه الصفة
page_0008,page_0008_raw_0079,text,paddleocr_colab_rec_texts,0.9395,paddle_kept_for_body_or_default,layout_output\raw_box_crops\page_0008\page_0008_raw_0079.png,١لا ثعدّ الدولة ودوائرها ولا الوحدات الإدارية واللجان والنوادي والجمعيات ذات / الشخصية الاعتبارية من التجار وإن قامت بمعاملات تجارية، إلآ أن معاملاتها / المذكورة تكون خاضعة لأحكام قانون التجارة
page_0008,page_0008_raw_0081,text,paddleocr_colab_rec_texts,0.9261,paddle_kept_for_body_or_default,layout_output\raw_box_crops\page_0008\page_0008_raw_0081.png,٢ـ تعتبر المؤسسات العامة وشركات القطاع العام والمشترك تاجراً، إذا كان موضوعها / تجارياً أو منحها القانون هذه الصفة
page_0008,page_0008_raw_0095,text,paddleocr_colab_rec_texts,0.9814,paddle_kept_for_body_or_default,layout_output\raw_box_crops\page_0008\page_0008_raw_0095.png,تجارياً أو منحها القانون هذه الصفة
page_0008,page_0008_raw_0082,paragraph_title,easyocr,0.6778,easyocr_preferred_for_title_like_or_small_box,layout_output\raw_box_crops\page_0008\page_0008_raw_0082.png,المادة ٤
page_0008,page_0008_raw_0078,text,paddleocr_colab_rec_texts,0.9533,paddle_kept_for_body_or_default,layout_output\raw_box_crops\page_0008\page_0008_raw_0078.png,إذا اشتغل العاملون في الدولة الممنوعون من الاتجار قانوناً بالمعاملات / التجارية، فتشملهم الأحكام القانونية المتعلقة بالصلح الواقى والإفلاس
page_0008,page_0008_raw_0092,text,paddleocr_colab_rec_texts,0.8801,paddle_kept_for_body_or_default,layout_output\raw_box_crops\page_0008\page_0008_raw_0092.png,المادة ٥ / تخضع الأهلية التجارية لأحكام القانون المدني وللأحكام الخاصة بالتجار
page_0008,page_0008_raw_0087,paragraph_title,easyocr,0.797,easyocr_preferred_for_title_like_or_small_box,layout_output\raw_box_crops\page_0008\page_0008_raw_0087.png,المادة
page_0008,page_0008_raw_0086,text,paddleocr_colab_rec_texts,0.9686,paddle_kept_for_body_or_default,layout_output\raw_box_crops\page_0008\page_0008_raw_0086.png,تخضع الأهلية التجارية لأحكام القانون المدني وللأحكام الخاصة بالتجار
page_0008,page_0008_raw_0091,paragraph_title,easyocr,0.9776,easyocr_preferred_for_title_like_or_small_box,layout_output\raw_box_crops\page_0008\page_0008_raw_0091.png,الفصل الثاني
page_0008,page_0008_raw_0089,paragraph_title,easyocr,0.9164,easyocr_preferred_for_title_like_or_small_box,layout_output\raw_box_crops\page_0008\page_0008_raw_0089.png,دفاتر التجارة
page_0008,page_0008_raw_0090,paragraph_title,easyocr,0.7261,easyocr_preferred_for_title_like_or_small_box,layout_output\raw_box_crops\page_0008\page_0008_raw_0090.png,المادة
page_0008,page_0008_raw_0088,text,easyocr,0.725,easyocr_used_for_low_paddle_confidence_body,layout_output\raw_box_crops\page_0008\page_0008_raw_0088.png,التاجر / ا - على / أن ينظم على الأقلآ الدفترين الإجباريين التاليين :
page_0008,page_0008_raw_0085,text,paddleocr_colab_rec_texts,0.9458,paddle_kept_for_body_or_default,layout_output\raw_box_crops\page_0008\page_0008_raw_0085.png,أ دفتر اليومية يقيد فيه يوماً فيوماً جميع الأعمال التي تعود بوجه من الوجوه / إلى مؤسسته التجارية وأن يقيد بالجملة شهراً فشهراً النفقات التي أنفقها على / نفسه وأسرته وإذا كان التاجر يتبع الأسلوب الآلى فى محاسبته أو مسك / الدفاتر يومية مساعدة منظمة وفق أحكام المادتين ١٧و١٨ من هذا
page_0008,page_0008_raw_0093,text,paddleocr_colab_rec_texts,0.907,paddle_kept_for_body_or_default,layout_output\raw_box_crops\page_0008\page_0008_raw_0093.png,الدفاتر يومية مساعدة منظمة وفق أحكام المادتين ١٧و١٨ من هذا
page_0008,page_0008_raw_0083,number,paddleocr_colab_rec_texts,0.2798,paddle_kept_for_body_or_default,layout_output\raw_box_crops\page_0008\page_0008_raw_0083.png,٨
page_0009,page_0009_raw_0112,text,paddleocr_colab_rec_texts,0.8291,paddle_kept_for_body_or_default,layout_output\raw_box_crops\page_0009\page_0009_raw_0112.png,القانون، فله أن يقيد أعماله فى دفتر اليومية شهراً فشهراً، على أن يحتفظ / بجميع الوثائق التي تتيح التدقيق في الأعمال المذكورة / ب دفتر جرد يتضمن جرداً سنوياً للموجودات والمطاليب العائدة لمؤسسته وأن / يوقف حساباته سنوياً ليضع على أساسها الميزانية وحساب الأرباح والخسائر / وينسخها في دفتر الجرد / وعليه أن يحفظ ويرتب المراسلات التي يتلقاها وصور المراسلات التي / يرسلها / ٣يجب تتظيم دفتري اليومية والجرد 
page_0009,page_0009_raw_0103,text,paddleocr_colab_rec_texts,0.9547,paddle_kept_for_body_or_default,layout_output\raw_box_crops\page_0009\page_0009_raw_0103.png,القانون، فله أن يقيد أعماله فى دفتر اليومية شهراً فشهراً، على أن يحتفظ / بجميع الوثائق التي تتيح التدقيق في الأعمال المذكورة
page_0009,page_0009_raw_0109,text,paddleocr_colab_rec_texts,0.953,paddle_kept_for_body_or_default,layout_output\raw_box_crops\page_0009\page_0009_raw_0109.png,القانون، فله أن يقيد أعماله فى دفتر اليومية شهراً فشهراً، على أن يحتفظ / بجميع الوثائق التي تتيح التدقيق في الأعمال المذكورة / بدفتر جرد يتضمن جرداً سنوياً للموجودات والمطاليب العائدة لمؤسسته وأن / يوقف حساباته سنوياً ليضع على أساسها الميزانية وحساب الأرباح والخسائر / وينسخها في دفتر الجرد / وعليه أن يحفظ ويرتب المراسلات التي يتلقاها وصور المراسلات التي / يرسلها / ٣يجب تتظيم دفتري اليومية والجرد ب
page_0009,page_0009_raw_0111,text,paddleocr_colab_rec_texts,0.9497,paddle_kept_for_body_or_default,layout_output\raw_box_crops\page_0009\page_0009_raw_0111.png,القانون، فله أن يقيد أعماله فى دفتر اليومية شهراً فشهراً على أن يحتفظ
page_0009,page_0009_raw_0114,text,paddleocr_colab_rec_texts,0.9762,paddle_kept_for_body_or_default,layout_output\raw_box_crops\page_0009\page_0009_raw_0114.png,بجميع الوثائق التي تتيح التدقيق في الأعمال المذكورة
page_0009,page_0009_raw_0104,text,paddleocr_colab_rec_texts,0.9466,paddle_kept_for_body_or_default,layout_output\raw_box_crops\page_0009\page_0009_raw_0104.png,بدفتر جرد يتضمن جرداً سنوياً للموجودات والمطاليب العائدة لمؤسسته وأن / يوقف حساباته سنوياً ليضع على أساسها الميزانية وحساب الأرباح والخسائر / وينسخها في دفتر الجرد
page_0009,page_0009_raw_0102,text,paddleocr_colab_rec_texts,0.9626,paddle_kept_for_body_or_default,layout_output\raw_box_crops\page_0009\page_0009_raw_0102.png,وعليه أن يحفظ ويرتب المراسلات التي يتلقاها وصور المراسلات التي / يرسلها
page_0009,page_0009_raw_0107,text,paddleocr_colab_rec_texts,0.9573,paddle_kept_for_body_or_default,layout_output\raw_box_crops\page_0009\page_0009_raw_0107.png,٣يجب تتظيم دفتري اليومية والجرد باللغة العربية ولوزير الاقتصاد والتجارة أن / يعفي من هذا الشرط المؤسسات الأجنبية التي يحددها بقرار منه
page_0009,page_0009_raw_0113,text,paddleocr_colab_rec_texts,0.9738,paddle_kept_for_body_or_default,layout_output\raw_box_crops\page_0009\page_0009_raw_0113.png,يعفي من هذا الشرط المؤسسات الأجنبية التي يحددها بقرار منه
page_0009,page_0009_raw_0097,paragraph_title,easyocr,0.997,easyocr_preferred_for_title_like_or_small_box,layout_output\raw_box_crops\page_0009\page_0009_raw_0097.png,المادة
page_0009,page_0009_raw_0098,text,paddleocr_colab_rec_texts,0.9538,paddle_kept_for_body_or_default,layout_output\raw_box_crops\page_0009\page_0009_raw_0098.png,يجب أن تنظم الدفاتر التجارية الإجبارية بحسب التاريخ وبلا بياض ولا فراغ / ولا نقل إلى الهامش ولا محو ولا تحشية بين السطور
page_0009,page_0009_raw_0100,paragraph_title,easyocr,0.6347,easyocr_preferred_for_title_like_or_small_box,layout_output\raw_box_crops\page_0009\page_0009_raw_0100.png,المادة ٨
page_0009,page_0009_raw_0101,text,paddleocr_colab_rec_texts,0.9503,paddle_kept_for_body_or_default,layout_output\raw_box_crops\page_0009\page_0009_raw_0101.png,يجب ترقيم الدفاتر المذكورة والتأشير عليها وتوقيعها من رئيس محكمة البداية / المدنية أو من قاضي الصلح في المدن التي لا توجد فيها محكمة بداية
page_0009,page_0009_raw_0099,paragraph_title,easyocr,0.8589,easyocr_preferred_for_title_like_or_small_box,layout_output\raw_box_crops\page_0009\page_0009_raw_0099.png,المادة ٩
page_0009,page_0009_raw_0105,formula,paddleocr_colab_rec_texts,0.9377,paddle_kept_for_body_or_default,layout_output\raw_box_crops\page_0009\page_0009_raw_0105.png,١يجب على التاجر أن يحفظ الدفاتر بعد اختتامها مدّة عشر سنوات / ٢للمؤسسات التجارية التى يعينها وزير الاقتصاد والتجارة أن تحتفظ للمدّة المذكورة / في الفقرة السابقة بالصورة بأية وسيلة إلكترونية تعتمدها وزارة الاقتصاد والتجارة / بدلاأ من الأصل وتكون للصورة حجية الأصل فى الإثبات
page_0009,page_0009_raw_0110,text,paddleocr_colab_rec_texts,0.9636,paddle_kept_for_body_or_default,layout_output\raw_box_crops\page_0009\page_0009_raw_0110.png,يجب على التاجر أن يحفظ الدفاتر بعد اختتامها مدّة عشر سنوات
page_0009,page_0009_raw_0108,paragraph_title,easyocr,0.9893,easyocr_preferred_for_title_like_or_small_box,layout_output\raw_box_crops\page_0009\page_0009_raw_0108.png,المادة
page_0009,page_0009_raw_0106,text,paddleocr_colab_rec_texts,0.9563,paddle_kept_for_body_or_default,layout_output\raw_box_crops\page_0009\page_0009_raw_0106.png,لا ثسلّم الدفاتر بكاملها إلى القضاء إلآ في أحوال الإرث وقسمة الأموال / المشتركة والشركة والصلح الواقي والإفلاس
page_0009,page_0009_raw_0096,number,paddleocr_colab_rec_texts,0.6758,paddle_kept_for_body_or_default,layout_output\raw_box_crops\page_0009\page_0009_raw_0096.png,4
page_0010,page_0010_raw_0130,text,none,,both_ocr_empty,layout_output\raw_box_crops\page_0010\page_0010_raw_0130.png,
page_0010,page_0010_raw_0124,paragraph_title,easyocr,0.7822,easyocr_preferred_for_title_like_or_small_box,layout_output\raw_box_crops\page_0010\page_0010_raw_0124.png,المادة
page_0010,page_0010_raw_0123,text,paddleocr_colab_rec_texts,0.9351,paddle_kept_for_body_or_default,layout_output\raw_box_crops\page_0010\page_0010_raw_0123.png,فيما عدا الأحوال المذكورة في المادة السابقة يمكن على الدوام عرض الدفاتر / التجارية أو المطالبة بإبرازها لاستخلاص ما يتعلّق منها بالنزاع / وللقاضى أن يأمر من تلقاء نفسه الدفاتر المذكورة للغاية ذاتها
page_0010,page_0010_raw_0129,text,easyocr,0.7908,easyocr_preferred_for_title_like_or_small_box,layout_output\raw_box_crops\page_0010\page_0010_raw_0129.png,٢- وللقاضي أن يأمر من تلقاء نفسه الدفاتر المذكورة للغاية ذاتها
page_0010,page_0010_raw_0118,paragraph_title,easyocr,0.9598,easyocr_preferred_for_title_like_or_small_box,layout_output\raw_box_crops\page_0010\page_0010_raw_0118.png,المادة
page_0010,page_0010_raw_0115,text,paddleocr_colab_rec_texts,0.9647,paddle_kept_for_body_or_default,layout_output\raw_box_crops\page_0010\page_0010_raw_0115.png,يمكن للتجار مسك حساباتهم إلكترونياً وفقا للتعليمات التنفيذية التي تصدر / عن وزارة الاقتصاد والتجارة
page_0010,page_0010_raw_0128,text,easyocr,0.8493,easyocr_preferred_for_title_like_or_small_box,layout_output\raw_box_crops\page_0010\page_0010_raw_0128.png,الفصل الثالث
page_0010,page_0010_raw_0127,paragraph_title,easyocr,0.8829,easyocr_preferred_for_title_like_or_small_box,layout_output\raw_box_crops\page_0010\page_0010_raw_0127.png,سجل التجارة
page_0010,page_0010_raw_0125,paragraph_title,easyocr,0.8766,easyocr_preferred_for_title_like_or_small_box,layout_output\raw_box_crops\page_0010\page_0010_raw_0125.png,المادة ٣
page_0010,page_0010_raw_0131,text,paddleocr_colab_rec_texts,0.9383,paddle_kept_for_body_or_default,layout_output\raw_box_crops\page_0010\page_0010_raw_0131.png,سجل التجارة يمكن الجمهور من الحصول على المعلومات الوافية عن كل / المؤسسات التجارية التي تعمل في سورية / ٢وهو أيضاً أداة للشهر يقصد بها جعل من درجاته نافذة في حق الغير عند وجود / نص قانوني صريح بهذا المعنى
page_0010,page_0010_raw_0122,text,paddleocr_colab_rec_texts,0.9612,paddle_kept_for_body_or_default,layout_output\raw_box_crops\page_0010\page_0010_raw_0122.png,سجل التجارة يمكن الجمهور من الحصول على المعلومات الوافية عن كل / المؤسسات التجارية التي تعمل في سورية
page_0010,page_0010_raw_0126,text,paddleocr_colab_rec_texts,0.945,paddle_kept_for_body_or_default,layout_output\raw_box_crops\page_0010\page_0010_raw_0126.png,٢ـوهو أيضاً أداة للشهر يقصد بها جعل من درجاته نافذة في حق الغير عند وجود / نص قانوني صريح بهذا المعنى
page_0010,page_0010_raw_0121,paragraph_title,easyocr,0.9478,easyocr_preferred_for_title_like_or_small_box,layout_output\raw_box_crops\page_0010\page_0010_raw_0121.png,المادة ٤
page_0010,page_0010_raw_0119,text,paddleocr_colab_rec_texts,0.9563,paddle_kept_for_body_or_default,layout_output\raw_box_crops\page_0010\page_0010_raw_0119.png,١ينظم لدى وزارة الاقتصاد والتجارة سجل خاص بفروع المؤسسات التجارية / والشركات التي يوجد مركزها خارج سورية
page_0010,page_0010_raw_0116,text,paddleocr_colab_rec_texts,0.9543,paddle_kept_for_body_or_default,layout_output\raw_box_crops\page_0010\page_0010_raw_0116.png,٢ينظم لدى وزارة الاقتصاد والتجارة فى كل محافظة سجل لتسجيل أسماء التجار / والشركات التجارية والشركات المدنية وباقي المؤسسات التجارية يُطّلق عليها / سجل التجارة
page_0010,page_0010_raw_0117,text,paddleocr_colab_rec_texts,0.9461,paddle_kept_for_body_or_default,layout_output\raw_box_crops\page_0010\page_0010_raw_0117.png,يتولى مسك السجل موظف يُطلق عليه أمين سجل التجارة وعليه أن يباشر / وظيفته أن يحلف اليمين أمام محكمة البداية المدنية، على أن يقوم بوظيفته / بشرف وأمانة
page_0010,page_0010_raw_0120,number,none,,both_ocr_empty,layout_output\raw_box_crops\page_0010\page_0010_raw_0120.png,
page_0011,page_0011_raw_0132,text,paddleocr_colab_rec_texts,0.9473,paddle_kept_for_body_or_default,layout_output\raw_box_crops\page_0011\page_0011_raw_0132.png,تسجل أسماء التجار الذي تكون متاجرهم الرئيسية في سورية، مهما كانت / جنسيتهم
page_0011,page_0011_raw_0134,text,paddleocr_colab_rec_texts,0.945,paddle_kept_for_body_or_default,layout_output\raw_box_crops\page_0011\page_0011_raw_0134.png,المادة ٢٥ / ١يجب على كل تاجر أن يطلب من أمين سجل التجارة في المحافظة التي يوجد / فيها مركزه الرئيسي أن يسجل اسمه في سجل التجارة في خلال شهر واحد من / تاريخ فتح المحل أو شرائه / على التاجر أن يقدم تصريحاً في نسختين موقعتين منه يذكر فيه ما يلي / أ-اسمه ونسبته / باسمه التجاري إذا اختلف عن اسمه وعنوانه التجاري / جتاريخ ولادته ومحلها وموطنه / د جنسيته الأصلية، وإذا كان قد حصل على جنسية أخرى، فيبين طريق
page_0011,page_0011_raw_0135,paragraph_title,easyocr,0.9896,easyocr_preferred_for_title_like_or_small_box,layout_output\raw_box_crops\page_0011\page_0011_raw_0135.png,المادة
page_0011,page_0011_raw_0133,number,none,,both_ocr_empty,layout_output\raw_box_crops\page_0011\page_0011_raw_0133.png,
page_0012,page_0012_raw_0140,paragraph_title,easyocr,0.7271,easyocr_preferred_for_title_like_or_small_box,layout_output\raw_box_crops\page_0012\page_0012_raw_0140.png,المادة
page_0012,page_0012_raw_0142,formula,paddleocr_colab_rec_texts,0.936,paddle_kept_for_body_or_default,layout_output\raw_box_crops\page_0012\page_0012_raw_0142.png,المادة٦ / ١يجب أن يذكر في سجل التجارة / أـ كل تعديل يتعلّق بالأمور التي تقضي المادة السابقة بقيدها في السجل / بشهادات الاختراع التي يستثمرها التاجر والعلامات التي يستعملها للمصنع / أو التجارة / جالأحكام والقرارات القاضية بتعيين وصيّ عليه أو قيّم أو مساعد قضائي / للتاجر المسجل أو بالحجر عليه أو برفع هذه التدابير عنه / دالأحكام والقرارات المعلنة للإفلاس أو المتضمنة تصديق الصلح أو فسخه / أو إبطاله أو
page_0012,page_0012_raw_0137,formula,paddleocr_colab_rec_texts,0.9475,paddle_kept_for_body_or_default,layout_output\raw_box_crops\page_0012\page_0012_raw_0137.png,١يجب أن يذكر في سجل التجارة / أـ كل تعديل يتعلّق بالأمور التي تقضي المادة السابقة بقيدها في السجل / بشهادات الاختراع التي يستثمرها التاجر والعلامات التي يستعملها للمصنع / أو التجارة / جالأحكام والقرارات القاضية بتعيين وصيّ عليه أو قيم أو مساعد قضائي / للتاجر المسجل أو بالحجر عليه أو برفع هذه التدابير عنه / د الأحكام والقرارات المعلنة للإفلاس أو المتضمنة تصديق الصلح أو فسخه / أوإبطاله أو المعلنة لم
page_0012,page_0012_raw_0139,paragraph_title,easyocr,0.9816,easyocr_preferred_for_title_like_or_small_box,layout_output\raw_box_crops\page_0012\page_0012_raw_0139.png,المادة
page_0012,page_0012_raw_0141,reference_content,paddleocr_colab_rec_texts,0.9693,paddle_kept_for_body_or_default,layout_output\raw_box_crops\page_0012\page_0012_raw_0141.png,إن الشركات التي يكون مركزها الرئيسي في سورية مهما كانت جنسيتها، يجب / تسجيلها في سجل التجارة المختص بمنطقة مركزها الرئيسي، ويجب على / مديريها وأعضاء مجلس إدارتها أن يطلبوا التسجيل في خلال الشهر الذي يلي / تأسيسها
page_0012,page_0012_raw_0138,reference_content,paddleocr_colab_rec_texts,0.9427,paddle_kept_for_body_or_default,layout_output\raw_box_crops\page_0012\page_0012_raw_0138.png,٢حويقدم طالبو التسجيل إلى أمين سجل التجارة صورة مصدقة عن صك تأسيس / الشركة أو نظامها الأساسي وخلاصة لهذا الصك أو النظام مُعدّة للشهر ومنظمة / على نسختين ومشتملة على الطوابع وعلى تواقيع طالبي التسجيل ومتضمنه / بوجه خاص البيانات الآتية
page_0012,page_0012_raw_0136,number,paddleocr_colab_rec_texts,0.8189,paddle_kept_for_body_or_default,layout_output\raw_box_crops\page_0012\page_0012_raw_0136.png,١
page_0013,page_0013_raw_0147,reference,paddleocr_colab_rec_texts,0.9551,paddle_kept_for_body_or_default,layout_output\raw_box_crops\page_0013\page_0013_raw_0147.png,أ اسم ونسبة كل من الشركاء ما عدا المساهمين وجنسية كل منهم موضحة / وفقاً لما ورد في الفقرة د من المادة ٢٥وتاريخ ولادته ومحلها / باسم الشركة التجاري أو عنوانها / جموضوع الشركة / د الأماكن التي فيها مركز الشركة أو فروعها ومتاجرها في سورية أو خارجها / هـأسماء الشركاء أو غير المرخص لهم بإدارة الشركة وتدبير أمورها أو التوقيع / عنها / و رأس مال الشركة وكيفية تسديده / ز ميعاد ابتداء الشركة وميعاد انتهائها
page_0013,page_0013_raw_0144,formula,paddleocr_colab_rec_texts,0.9525,paddle_kept_for_body_or_default,layout_output\raw_box_crops\page_0013\page_0013_raw_0144.png,أ اسم ونسبة كل من الشركاء ما عدا المساهمين وجنسية كل منهم موضحة / وفقاً لما ورد في الفقرة د من المادة ٢٥وتاريخ ولادته ومحلها / باسم الشركة التجاري أو عنوانها / جموضوع الشركة / د الأماكن التي فيها مركز الشركة أو فروعها ومتاجرها في سورية أو خارجها / هأسماء الشركاء أو غير المرخص لهم بإدارة الشركة وتدبير أمورها أو التوقيع / عنها / و رأس مال الشركة وكيفية تسديده / زـ ميعاد ابتداء الشركة وميعاد انتهائها
page_0013,page_0013_raw_0145,paragraph_title,easyocr,0.9918,easyocr_preferred_for_title_like_or_small_box,layout_output\raw_box_crops\page_0013\page_0013_raw_0145.png,المادة
page_0013,page_0013_raw_0149,formula,paddleocr_colab_rec_texts,0.9526,paddle_kept_for_body_or_default,layout_output\raw_box_crops\page_0013\page_0013_raw_0149.png,يجب أن يذكر أيضاً فى سجل التجارة / ١كل تعديل يختص بالأمور واجب تسجيلها أو الوثائق الواجب إيداعها بمقتضى / المادة السابقة / ٢الاسم والنسبة وتاريخ الولادة ومحلها والجنسية لكل من مديري الشركة وأعضاء / مجلس إدارتها ومديريها المعينين لمدّة وجودها أما طلب التسجيل فيقدمه المديرون / وأعضاء مجلس الإدارة القائمون بوظائفهم في وقت وجوب التسجيل / ٣شهادات الاختراع المستثمرة والعلامات التجارية الصناعية التى تستع
page_0013,page_0013_raw_0148,text,paddleocr_colab_rec_texts,0.9569,paddle_kept_for_body_or_default,layout_output\raw_box_crops\page_0013\page_0013_raw_0148.png,الاسم والنسبة وتاريخ الولادة ومحلها والجنسية لكل من مديري الشركة وأعضاء / مجلس إدارتها ومديريها المعينين لمدّة وجودها أما طلب التسجيل فيقدمه المديرون / وأعضاء مجلس الإدارة القائمون بوظائفهم في وقت وجوب التسجيل
page_0013,page_0013_raw_0146,text,paddleocr_colab_rec_texts,0.9703,paddle_kept_for_body_or_default,layout_output\raw_box_crops\page_0013\page_0013_raw_0146.png,الشركات التجارية المؤسسة خارج الأراضي السورية ولها فروع أو وكالات في / سورية وكذلك التجار الذين لهم مركز رئيسي في الخارج وفروع أو وكالات في سورية / مهما كانت جنسيتهم
page_0013,page_0013_raw_0143,number,paddleocr_colab_rec_texts,0.7999,paddle_kept_for_body_or_default,layout_output\raw_box_crops\page_0013\page_0013_raw_0143.png,١٣
page_0014,page_0014_raw_0161,paragraph_title,easyocr,0.9964,easyocr_preferred_for_title_like_or_small_box,layout_output\raw_box_crops\page_0014\page_0014_raw_0161.png,المادة ٢٩
page_0014,page_0014_raw_0150,text,paddleocr_colab_rec_texts,0.9665,paddle_kept_for_body_or_default,layout_output\raw_box_crops\page_0014\page_0014_raw_0150.png,يخضع تسجيل مثل تلك الفروع أو الوكالات لأحكام القانون الخاص بتسجيلها / في سورية
page_0014,page_0014_raw_0158,paragraph_title,easyocr,0.7777,easyocr_preferred_for_title_like_or_small_box,layout_output\raw_box_crops\page_0014\page_0014_raw_0158.png,الشركات المدنية
page_0014,page_0014_raw_0162,paragraph_title,easyocr,0.9516,easyocr_preferred_for_title_like_or_small_box,layout_output\raw_box_crops\page_0014\page_0014_raw_0162.png,المادة ٣
page_0014,page_0014_raw_0152,text,paddleocr_colab_rec_texts,0.9437,paddle_kept_for_body_or_default,layout_output\raw_box_crops\page_0014\page_0014_raw_0152.png,١يحدث فى أمانة سجل التجارة سجل خاص بالشركات المدنية التي يقع / مركزها الرئيسي في المحافظة تسجل فيه الشركات وفق أحكام المادتين ٢٧ / و٢٨من هذا القانون باستثناء ما يتوقف العمل به على الصفة التجارية / للشركة
page_0014,page_0014_raw_0156,text,paddleocr_colab_rec_texts,0.9413,paddle_kept_for_body_or_default,layout_output\raw_box_crops\page_0014\page_0014_raw_0156.png,٢ تسجل الشركات المدنية التي يقع مركزها خارج سورية أو لها فرع أو وكالة في / سجل خاص تابع لسجل الفروع والوكالات العائدة للمؤسسات أو الشركات القائمة / خارج سورية وذلك وفق القانون الخاص بها
page_0014,page_0014_raw_0153,text,paddleocr_colab_rec_texts,0.9547,paddle_kept_for_body_or_default,layout_output\raw_box_crops\page_0014\page_0014_raw_0153.png,٣ـ على الشركات المذكورة في الفقرتين السابقتين تسجيل نفسها في السجل المذكور / وإيداع صك تأسيسها ونظامها الأساسي ديوان محكمة البداية في مركزها إذا / أرادت الاحتجاج بشخصيتها الإعتبارية حيال الغير
page_0014,page_0014_raw_0157,paragraph_title,easyocr,0.7717,easyocr_preferred_for_title_like_or_small_box,layout_output\raw_box_crops\page_0014\page_0014_raw_0157.png,المادة
page_0014,page_0014_raw_0155,text,paddleocr_colab_rec_texts,0.9529,paddle_kept_for_body_or_default,layout_output\raw_box_crops\page_0014\page_0014_raw_0155.png,إذا توفي تاجر أو انقطع عن تعاطى تجارته أو إذا انحلّت إحدى الشركات وجب / شطب التسجيل المختص بهما فى سجل التجارة
page_0014,page_0014_raw_0160,text,paddleocr_colab_rec_texts,0.9355,paddle_kept_for_body_or_default,layout_output\raw_box_crops\page_0014\page_0014_raw_0160.png,٢ويجري هذا الشطب مباشرة بمقتضى قرار يصدره أمين سجل التجارة
page_0014,page_0014_raw_0159,paragraph_title,easyocr,0.8116,easyocr_preferred_for_title_like_or_small_box,layout_output\raw_box_crops\page_0014\page_0014_raw_0159.png,المادة ٣
page_0014,page_0014_raw_0151,text,paddleocr_colab_rec_texts,0.9454,paddle_kept_for_body_or_default,layout_output\raw_box_crops\page_0014\page_0014_raw_0151.png,١كل قيد فى سجل التجارة لم يحدد له ميعاد فى المواد السابقة يجب طلب إجرائه / في خلال شهر يبتدئ من تاريخ الوثيقة أو العمل الذي يراد قيده / أما الأحكام والقرارات فيبتدى ميعادها من يوم صدورها
page_0014,page_0014_raw_0163,text,paddleocr_colab_rec_texts,0.9677,paddle_kept_for_body_or_default,layout_output\raw_box_crops\page_0014\page_0014_raw_0163.png,أما الأحكام والقرارات فيبتدئ ميعادها من يوم صدورها
page_0014,page_0014_raw_0154,number,paddleocr_colab_rec_texts,0.6798,paddle_kept_for_body_or_default,layout_output\raw_box_crops\page_0014\page_0014_raw_0154.png,3
page_0015,page_0015_raw_0185,header,none,,both_ocr_empty,layout_output\raw_box_crops\page_0015\page_0015_raw_0185.png,
page_0015,page_0015_raw_0167,paragraph_title,easyocr,0.9974,easyocr_preferred_for_title_like_or_small_box,layout_output\raw_box_crops\page_0015\page_0015_raw_0167.png,المادة ٣٣
page_0015,page_0015_raw_0166,text,paddleocr_colab_rec_texts,0.9494,paddle_kept_for_body_or_default,layout_output\raw_box_crops\page_0015\page_0015_raw_0166.png,إن جميع التسجيلات والقيود في سجل التجارة تجري بعد تصريح يقدم وفاقاً / للصيغ التي نص عليها
page_0015,page_0015_raw_0169,paragraph_title,easyocr,0.9981,easyocr_preferred_for_title_like_or_small_box,layout_output\raw_box_crops\page_0015\page_0015_raw_0169.png,المادة ٣٤
page_0015,page_0015_raw_0164,text,paddleocr_colab_rec_texts,0.941,paddle_kept_for_body_or_default,layout_output\raw_box_crops\page_0015\page_0015_raw_0164.png,على أمين سجل التجارة أن يرفض إجراء القيود المطلوبة إذا تبين له أن / التصريحات المقدمة لا تشتمل على كل البيانات المنصوص عليها أو كانت تتعارض / مع الوثائق الثبوتية المرفقة بها أو مع أحكام القانون
page_0015,page_0015_raw_0170,paragraph_title,easyocr,0.638,easyocr_preferred_for_title_like_or_small_box,layout_output\raw_box_crops\page_0015\page_0015_raw_0170.png,المادة ٣٥
page_0015,page_0015_raw_0184,text,paddleocr_colab_rec_texts,0.946,paddle_kept_for_body_or_default,layout_output\raw_box_crops\page_0015\page_0015_raw_0184.png,١يجوز لكل شخص أن يطلب إعطاءه نسخة عن القيود المدرجة في السجل مقابل
page_0015,page_0015_raw_0175,text,paddleocr_colab_rec_texts,0.9455,paddle_kept_for_body_or_default,layout_output\raw_box_crops\page_0015\page_0015_raw_0175.png,يجوز لكل شخص أن يطلب إعطاءه نسخة عن القيود المدرجة فى السجل مقابل / رسم يحدد من الوزير المختص / ٢ولأمين السجل عند الإقتضاء أن يعطى شهادة بعدم وجود قيود / ٣ويصدّق أمين السجل مطابقة النسخ للأصل
page_0015,page_0015_raw_0182,text,easyocr,0.5497,easyocr_preferred_for_title_like_or_small_box,layout_output\raw_box_crops\page_0015\page_0015_raw_0182.png,"المختص , / ر سم / يحدد / من / الوزير"
page_0015,page_0015_raw_0181,text,paddleocr_colab_rec_texts,0.944,paddle_kept_for_body_or_default,layout_output\raw_box_crops\page_0015\page_0015_raw_0181.png,٢ـولأمين السجل عند الإقتضاء أن يعطي شهادة بعدم وجود قيود
page_0015,page_0015_raw_0179,text,paddleocr_colab_rec_texts,0.9352,paddle_kept_for_body_or_default,layout_output\raw_box_crops\page_0015\page_0015_raw_0179.png,٣ـويصدّق أمين السجل مطابقة النسخ للأصل
page_0015,page_0015_raw_0172,paragraph_title,easyocr,0.5464,easyocr_preferred_for_title_like_or_small_box,layout_output\raw_box_crops\page_0015\page_0015_raw_0172.png,المادة ٣٦
page_0015,page_0015_raw_0178,text,paddleocr_colab_rec_texts,0.9428,paddle_kept_for_body_or_default,layout_output\raw_box_crops\page_0015\page_0015_raw_0178.png,لا يجوز أن يذكر في النسخ التي يسلمها أمين السجل
page_0015,page_0015_raw_0176,text,paddleocr_colab_rec_texts,0.8446,paddle_kept_for_body_or_default,layout_output\raw_box_crops\page_0015\page_0015_raw_0176.png,لا يجوز أن يذكر في النسخ التي يسلمها أمين السجل / الأحكام المعلنة للإفلاس إذا كان المفلس قد استرد اعتباره / s / الأحكام القاضية بالحجر أو تعيين مساعد قضائى إذا كان قد صدر القرار برفع / الحجر أو المساعدة القضائية
page_0015,page_0015_raw_0180,text,easyocr,0.7371,easyocr_used_for_low_paddle_confidence_body,layout_output\raw_box_crops\page_0015\page_0015_raw_0180.png,١ - الأحكام المعلنة للإفلاس إذا / كان / المفلس قد استرد اعتبار
page_0015,page_0015_raw_0177,text,paddleocr_colab_rec_texts,0.9392,paddle_kept_for_body_or_default,layout_output\raw_box_crops\page_0015\page_0015_raw_0177.png,ـ الأحكام القاضية بالحجر أو تعيين مساعد قضائي إذا كان قد صدر القرار برفع / الحجر أو المساعدة القضائية
page_0015,page_0015_raw_0183,text,easyocr,0.9482,easyocr_preferred_for_title_like_or_small_box,layout_output\raw_box_crops\page_0015\page_0015_raw_0183.png,الحجر أو المساعدة القضائية
page_0015,page_0015_raw_0174,paragraph_title,easyocr,0.9978,easyocr_preferred_for_title_like_or_small_box,layout_output\raw_box_crops\page_0015\page_0015_raw_0174.png,المادة ٣٧
page_0015,page_0015_raw_0165,text,paddleocr_colab_rec_texts,0.9595,paddle_kept_for_body_or_default,layout_output\raw_box_crops\page_0015\page_0015_raw_0165.png,كل تاجر وكل شركة ملزمين بالتسجيل يجب عليهما أن يذكرا المكان الذي / سجلا فيه ورقم هذا التسجيل في مراسلاتهما وفواتيرهما ومذكرات التسليم والتعريفات / والمنشورات وسائر الأوراق الصادرة عنهما
page_0015,page_0015_raw_0171,paragraph_title,easyocr,0.9909,easyocr_preferred_for_title_like_or_small_box,layout_output\raw_box_crops\page_0015\page_0015_raw_0171.png,المادة ٣٨
page_0015,page_0015_raw_0173,text,paddleocr_colab_rec_texts,0.9368,paddle_kept_for_body_or_default,layout_output\raw_box_crops\page_0015\page_0015_raw_0173.png,١ـكل تاجر وكل شخص يكلف بإدارة شركة لا يطلب في المراعيد المنصوص / عليها إجراء القيود الإجبارية أو لايذكر ما يجب ذكره على المراسلات أو الفواتير
page_0015,page_0015_raw_0168,number,paddleocr_colab_rec_texts,0.5534,paddle_kept_for_body_or_default,layout_output\raw_box_crops\page_0015\page_0015_raw_0168.png,١
page_0016,page_0016_raw_0192,text,paddleocr_colab_rec_texts,0.9024,paddle_kept_for_body_or_default,layout_output\raw_box_crops\page_0016\page_0016_raw_0192.png,وغيرها من الأوراق الصادرة عن محله يعاقب بغرامة تتراوح بين ١٠٠٠٠ / عشرة آلاف و٥٠٠٠٠ وخمسين ألف ليرة سورية
page_0016,page_0016_raw_0199,text,paddleocr_colab_rec_texts,0.9404,paddle_kept_for_body_or_default,layout_output\raw_box_crops\page_0016\page_0016_raw_0199.png,وغيرها من الأوراق الصادرة عن محله يعاقب بغرامة تتراوح بين ١٠٠٠٠ / عشرة آلاف و٥٠٠ وخمسين ألف ليرة سورية / ٢ـتحكم بهذه الغرامة محكمة البداية المدنية بناءَ على طلب أمين سجل التجارة أو / النيابة العامة بعد سماع أقوال صاحب الشأن أو دعوته بحسب الأصول / ٣ـوإذا لم يجر المحكوم عليه أثناء القيد فى أثناء هذا الميعاد يحكم بغرامة جديدة / ٤ـ أما أمناء السجل الذين لا يعملون بمقتضى هذه الأحكام فيخضعون للعقوبات / 
page_0016,page_0016_raw_0198,text,paddleocr_colab_rec_texts,0.4931,paddle_kept_for_body_or_default,layout_output\raw_box_crops\page_0016\page_0016_raw_0198.png,ةيي ي ية و ي و ة ويي ول ل ي د / و ة ي يه هي و ل لي ي هي يلي
page_0016,page_0016_raw_0201,text,paddleocr_colab_rec_texts,0.9514,paddle_kept_for_body_or_default,layout_output\raw_box_crops\page_0016\page_0016_raw_0201.png,النيابة العامة بعد سماع أقوال صاحب الشأن أو دعوته بحسب الأصول
page_0016,page_0016_raw_0200,text,paddleocr_colab_rec_texts,0.7652,paddle_kept_for_body_or_default,layout_output\raw_box_crops\page_0016\page_0016_raw_0200.png,٣ـوإذا لم يجر المحكوم عليه أثناء القيد فى أثناء هذا الميعاد يحكم بغرامة جديدة / ± / ٤–أما أمناء السجل الذين لا يعملون بمقتضى هذه الأحكام فيخضعون للعقوبات / المسلكية المنصوص عليها في القانون الأساسي للعاملين في الدولة
page_0016,page_0016_raw_0202,text,paddleocr_colab_rec_texts,0.963,paddle_kept_for_body_or_default,layout_output\raw_box_crops\page_0016\page_0016_raw_0202.png,المسلكية المنصوص عليها في القانون الأساسي للعاملين في الدولة
page_0016,page_0016_raw_0193,paragraph_title,easyocr,0.6678,easyocr_preferred_for_title_like_or_small_box,layout_output\raw_box_crops\page_0016\page_0016_raw_0193.png,المادة ٣٩
page_0016,page_0016_raw_0204,text,paddleocr_colab_rec_texts,0.9509,paddle_kept_for_body_or_default,layout_output\raw_box_crops\page_0016\page_0016_raw_0204.png,١ـكل بيان غير صحيح يقدم عن سوع نية للتسجيل أو للقيد فى سجل التجارة / يعاقب مقدمه بغرامة تتراوح بين ١٠٠٠ ألف و٥٠٠٠ خمسة لاف ليرة / سورية وبالحبس من شهر واحد إلى ستة أشهر، أو بإحدى هاتين العقوبتين / ولا يحول ذلك دون العقوبات التى يمكن الحكم بها وفاقاً للقوانين الخاصة ولقانون / العقوبات من أجل الجرائم الناشئة عن البيان غير الصحيح / ٣وللمحكمة الجزائية التي تصدر الحكم أن تأمر بتصحيح البيان المشار إليه 
page_0016,page_0016_raw_0197,text,paddleocr_colab_rec_texts,0.9506,paddle_kept_for_body_or_default,layout_output\raw_box_crops\page_0016\page_0016_raw_0197.png,١كل بيان غير صحيح يقدم عن سوء نية للتسجيل أو للقيد في سجل التجارة / يعاقب مقدمه بغرامة تتراوح بين ١٠٠٠ ألف و٥٠٠٠خمسة آلاف ليرة / سورية وبالحبس من شهر واحد إلى ستة أشهر، أو بإحدى هاتين العقوبتين / ولا يحول ذلك دون العقوبات التى يمكن الحكم بها وفاقاً للقوانين الخاصة ولقانون / العقوبات من أجل الجرائم الناشئة عن البيان غير الصحيح / ٣وللمحكمة الجزائية التى تصدر الحكم أن تأمر بتصحيح البيان المشار إليه ع
page_0016,page_0016_raw_0194,text,paddleocr_colab_rec_texts,0.9312,paddle_kept_for_body_or_default,layout_output\raw_box_crops\page_0016\page_0016_raw_0194.png,١ـكل بيان غير صحيح يقدم عن سوء نية للتسجيل أو للقيد في سجل التجارة / يعاقب مقدمه بغرامة تتراوح بين ١٠٠٠ ألف و٥٠٠٠ خمسة آلاف ليرة / سورية وبالحبس من شهر واحد إلى ستة أشهر، أو بإحدى هاتين العقوبتين
page_0016,page_0016_raw_0196,text,paddleocr_colab_rec_texts,0.9471,paddle_kept_for_body_or_default,layout_output\raw_box_crops\page_0016\page_0016_raw_0196.png,٢ـولا يحول ذلك دون العقوبات التى يمكن الحكم بها وفاقاً للقوانين الخاصة ولقانون / العقوبات من أجل الجرائم الناشئة عن البيان غير الصحيح
page_0016,page_0016_raw_0195,text,paddleocr_colab_rec_texts,0.9587,paddle_kept_for_body_or_default,layout_output\raw_box_crops\page_0016\page_0016_raw_0195.png,٣وللمحكمة الجزائية التي تصدر الحكم أن تأمر بتصحيح البيان المشار إليه على / الوجه الذي تعينه
page_0016,page_0016_raw_0188,paragraph_title,easyocr,0.8588,easyocr_preferred_for_title_like_or_small_box,layout_output\raw_box_crops\page_0016\page_0016_raw_0188.png,المادة ٤
page_0016,page_0016_raw_0203,text,paddleocr_colab_rec_texts,0.9542,paddle_kept_for_body_or_default,layout_output\raw_box_crops\page_0016\page_0016_raw_0203.png,١البيانات المسجلة سواء أكانت اختيارية أم إجبارية، تعتبر نافذة في حق الغير / اعتباراً من تاريخ تسجيلها / ٢ـولا يحول تطبيق العقوبات المقدمة دون نفاذ القاعدة المنصوص عليها بالفقرة / السابقة
page_0016,page_0016_raw_0189,text,paddleocr_colab_rec_texts,0.934,paddle_kept_for_body_or_default,layout_output\raw_box_crops\page_0016\page_0016_raw_0189.png,١البيانات المسجلة سواء أكانت اختيارية أم إجبارية، تعتبر نافذة في حق الغير / اعتباراً من تاريخ تسجيلها
page_0016,page_0016_raw_0191,text,paddleocr_colab_rec_texts,0.9416,paddle_kept_for_body_or_default,layout_output\raw_box_crops\page_0016\page_0016_raw_0191.png,٢ولا يحول تطبيق العقوبات المقدمة دون نفاذ القاعدة المنصوص عليها بالفقرة / السابقة
page_0016,page_0016_raw_0190,paragraph_title,easyocr,0.9849,easyocr_preferred_for_title_like_or_small_box,layout_output\raw_box_crops\page_0016\page_0016_raw_0190.png,المادة
page_0016,page_0016_raw_0186,text,paddleocr_colab_rec_texts,0.9445,paddle_kept_for_body_or_default,layout_output\raw_box_crops\page_0016\page_0016_raw_0186.png,كل شخص طبيعي أو اعتباري يدعي بصفته التجارية أمام المحاكم أو يراجع / لمصلحته بالصفة ذاتها الدوائر الإدارية أو المؤسسات العامة، لا يسمح ادعاؤه ولا / تقبل مراجعته ما لم يكن مسجلاً في سجل التجارة
page_0016,page_0016_raw_0187,number,paddleocr_colab_rec_texts,0.647,paddle_kept_for_body_or_default,layout_output\raw_box_crops\page_0016\page_0016_raw_0187.png,١٧
page_0017,page_0017_raw_0210,paragraph_title,easyocr,0.6879,easyocr_preferred_for_title_like_or_small_box,layout_output\raw_box_crops\page_0017\page_0017_raw_0210.png,المادة ٢
page_0017,page_0017_raw_0205,text,paddleocr_colab_rec_texts,0.9549,paddle_kept_for_body_or_default,layout_output\raw_box_crops\page_0017\page_0017_raw_0205.png,١ تفصل محكمة البداية المدنية في المحافظة التي يوجد فيها سجل التجارة، في / كل خلاف يقع بين أمين سجل التجارة وأصحاب العلاقة، بقرار يتخذ في غرفة / المذاكرة، وعليها إصدار قرارها خلال شهر من تاريخ الادعاء
page_0017,page_0017_raw_0206,text,paddleocr_colab_rec_texts,0.9436,paddle_kept_for_body_or_default,layout_output\raw_box_crops\page_0017\page_0017_raw_0206.png,٢يخضع قرار محكمة البداية المدنية للطعن بطريق الاستئناف وعلى محكمة / الاستئناف أن تفصل فيه بصورة نهائية وبقرار غير قابل للطعن يصدر خلال / ثلاثة أشهر من تاريخ تقديم الطعن
page_0017,page_0017_raw_0211,image,paddleocr_colab_rec_texts,0.4917,image_label_treated_as_text_container_paddle_kept,layout_output\raw_box_crops\page_0017\page_0017_raw_0211.png,رة / ل / لعل / ي ي لي
page_0017,page_0017_raw_0215,text,easyocr,0.9997,easyocr_preferred_for_title_like_or_small_box,layout_output\raw_box_crops\page_0017\page_0017_raw_0215.png,المتجر
page_0017,page_0017_raw_0214,figure_title,easyocr,0.9863,easyocr_preferred_for_title_like_or_small_box,layout_output\raw_box_crops\page_0017\page_0017_raw_0214.png,المادة ٤٣
page_0017,page_0017_raw_0208,text,paddleocr_colab_rec_texts,0.9446,paddle_kept_for_body_or_default,layout_output\raw_box_crops\page_0017\page_0017_raw_0208.png,المتجر مجموعة عناصر مادية وغير مادية تهدف إلى مارسة مهنة تجارية / يشتمل المتجر مبدئياً على الاسم التجاري والعنوان التجاري والشعار وحق / الاتصال بالزيائن وحق الاستئجار المنصوص عليه فى قوانين الإيجار الخاصة / وتعديلاتهاء، والتجهيزات والعدد الصناعية والأثاث والبراءات والإجازات والرسوم / والنماذج، ما لم يستثن بعض هذه العناصر من محتويات المتجر بالنص على / ذلك في سجل المتجر أو في العقود الواردة عليه
page_0017,page_0017_raw_0212,figure_title,easyocr,0.8875,easyocr_preferred_for_title_like_or_small_box,layout_output\raw_box_crops\page_0017\page_0017_raw_0212.png,المادة ٤ ٤
page_0017,page_0017_raw_0209,text,paddleocr_colab_rec_texts,0.9421,paddle_kept_for_body_or_default,layout_output\raw_box_crops\page_0017\page_0017_raw_0209.png,١إن حقوق صاحب المتجر على مختلف عناصره تتظمها القوانين الخاصة بهذه / العناصر والمبادي الحقوقية العامة / أما المتجر كمجموعة فيخضع لأحكام هذا القانون
page_0017,page_0017_raw_0213,text,paddleocr_colab_rec_texts,0.9556,paddle_kept_for_body_or_default,layout_output\raw_box_crops\page_0017\page_0017_raw_0213.png,٢ـأما المتجر كمجموعة فيخضع لأحكام هذا القانون
page_0017,page_0017_raw_0207,number,paddleocr_colab_rec_texts,0.6945,paddle_kept_for_body_or_default,layout_output\raw_box_crops\page_0017\page_0017_raw_0207.png,١٧
