page,label,cls_id,score,x1,y1,x2,y2,width,height
page_0003,number,3,0.8211987018585205,802.9467163085938,1780.2275390625,819.9925537109375,1800.846923828125,17.04583740234375,20.619384765625
page_0003,text,2,0.46002689003944397,334.8094177246094,1307.2939453125,1294.2120361328125,1422.9591064453125,959.4026184082031,115.6651611328125
page_0003,text,2,0.4450923204421997,369.51251220703125,1525.6727294921875,581.2796630859375,1627.480712890625,211.76715087890625,101.8079833984375
page_0003,text,2,0.44285377860069275,581.9878540039062,1453.369873046875,1225.69482421875,1498.0977783203125,643.7069702148438,44.7279052734375
page_0003,image,1,0.42005831003189087,332.97454833984375,277.92535400390625,1296.428466796875,1631.2542724609375,963.4539184570312,1353.3289184570312
page_0003,doc_title,10,0.3922847509384155,592.684814453125,408.58782958984375,1060.8369140625,482.4417419433594,468.152099609375,73.85391235351562
page_0003,text,2,0.3900672197341919,538.2164306640625,976.5471801757812,1228.718017578125,1021.7529296875,690.5015869140625,45.20574951171875
page_0003,text,2,0.38956162333488464,336.078125,1111.8262939453125,1297.2236328125,1220.9566650390625,961.1455078125,109.13037109375
page_0003,paragraph_title,0,0.38648632168769836,759.5396728515625,1248.4869384765625,875.6942138671875,1280.622314453125,116.154541015625,32.1353759765625
page_0003,doc_title,10,0.366880863904953,591.7557373046875,278.5892028808594,1061.3255615234375,483.9546203613281,469.56982421875,205.36541748046875
page_0003,text,2,0.345867782831192,767.0681762695312,914.3651733398438,879.457275390625,946.852294921875,112.38909912109375,32.48712158203125
page_0003,text,2,0.3369048833847046,763.1827392578125,1051.7196044921875,877.88818359375,1084.993408203125,114.7054443359375,33.2738037109375
page_0003,doc_title,10,0.33481305837631226,659.73974609375,280.1199035644531,993.1832275390625,352.471435546875,333.4434814453125,72.35153198242188
page_0003,text,2,0.30760666728019714,404.343017578125,1588.7166748046875,544.1790771484375,1627.5609130859375,139.8360595703125,38.84423828125
page_0003,text,2,0.30085188150405884,343.0411682128906,706.5256958007812,1233.0634765625,815.362548828125,890.0223083496094,108.83685302734375
page_0003,text,2,0.30036962032318115,370.1186828613281,1526.396240234375,580.876708984375,1567.556884765625,210.75802612304688,41.16064453125
page_0003,text,2,0.2981775999069214,1031.537841796875,575.21142578125,1231.999267578125,615.3433837890625,200.46142578125,40.1319580078125
page_0003,formula,7,0.2931225299835205,334.75396728515625,559.4979248046875,1297.7606201171875,1610.3648681640625,963.0066528320312,1050.866943359375
page_0003,text,2,0.29209908843040466,928.3762817382812,641.042724609375,1232.0018310546875,685.6660766601562,303.62554931640625,44.62335205078125
page_0003,text,2,0.28744637966156006,730.5729370117188,842.7503662109375,914.0291137695312,883.3949584960938,183.4561767578125,40.64459228515625
page_0003,text,2,0.26790839433670044,341.46685791015625,572.6453247070312,1235.220458984375,817.4148559570312,893.7536010742188,244.76953125
page_0003,text,2,0.2565719485282898,1124.388427734375,1380.6077880859375,1291.094482421875,1422.7823486328125,166.7060546875,42.174560546875
page_0003,text,2,0.25031936168670654,335.0877380371094,1308.171142578125,1225.087890625,1357.7645263671875,890.0001525878906,49.5933837890625
page_0004,text,2,0.958302915096283,353.1641845703125,843.6434326171875,1319.0850830078125,1001.4036254882812,965.9208984375,157.76019287109375
page_0004,text,2,0.9506476521492004,358.2760314941406,1363.5755615234375,1323.031982421875,1465.831787109375,964.7559509277344,102.2562255859375
page_0004,text,2,0.912895143032074,360.0869445800781,1557.5224609375,1317.4571533203125,1720.1025390625,957.3702087402344,162.580078125
page_0004,text,2,0.8624343872070312,355.4311218261719,1102.9654541015625,1315.3040771484375,1263.3074951171875,959.8729553222656,160.342041015625
page_0004,paragraph_title,0,0.798930287361145,779.9937744140625,1039.0333251953125,893.117919921875,1070.32373046875,113.1241455078125,31.2904052734375
page_0004,number,3,0.7635974884033203,836.0015258789062,1777.7835693359375,847.0056762695312,1798.8165283203125,11.004150390625,21.032958984375
page_0004,paragraph_title,0,0.754129946231842,786.4183349609375,1499.4942626953125,897.8408813476562,1528.1351318359375,111.42254638671875,28.640869140625
page_0004,paragraph_title,0,0.744592010974884,780.4558715820312,1299.6346435546875,895.7908325195312,1329.2830810546875,115.3349609375,29.6484375
page_0004,image,1,0.4717876613140106,380.7580871582031,252.05958557128906,1266.1458740234375,805.982421875,885.3877868652344,553.9228363037109
page_0004,figure_title,6,0.41266581416130066,777.5193481445312,772.193603515625,889.7860107421875,805.7167358398438,112.26666259765625,33.52313232421875
page_0004,text,2,0.2569800019264221,746.939208984375,692.5629272460938,914.2024536132812,749.0079345703125,167.26324462890625,56.44500732421875
page_0005,text,2,0.9473426342010498,348.08612060546875,376.7778625488281,1315.2525634765625,539.839111328125,967.1664428710938,163.06124877929688
page_0005,image,1,0.7945266962051392,703.7478637695312,616.8074340820312,957.2951049804688,785.7208862304688,253.5472412109375,168.9134521484375
page_0005,number,3,0.7656030058860779,826.0073852539062,1756.238525390625,839.0655517578125,1773.559814453125,13.05816650390625,17.3212890625
page_0005,text,2,0.674835205078125,348.8464050292969,878.5021362304688,1320.5634765625,1727.5440673828125,971.7170715332031,849.0419311523438
page_0005,figure_title,6,0.6277923583984375,775.98486328125,812.9429931640625,888.63623046875,844.8617553710938,112.6513671875,31.91876220703125
page_0005,text,2,0.5617988705635071,507.0320129394531,239.1172332763672,1310.29150390625,281.08355712890625,803.2594909667969,41.96632385253906
page_0005,paragraph_title,0,0.5005205869674683,774.3712158203125,312.27825927734375,888.7955322265625,345.0370178222656,114.42431640625,32.758758544921875
page_0005,text,2,0.33730772137641907,351.31170654296875,1067.8046875,1316.668212890625,1165.270263671875,965.3565063476562,97.465576171875
page_0005,text,2,0.31942471861839294,760.6941528320312,879.2697143554688,1241.09765625,926.3027954101562,480.40350341796875,47.0330810546875
page_0005,text,2,0.31078100204467773,351.6888427734375,1180.4373779296875,1313.148681640625,1280.16943359375,961.4598388671875,99.7320556640625
page_0005,text,2,0.3040336072444916,351.3987121582031,949.0562133789062,1316.8570556640625,1056.289306640625,965.4583435058594,107.23309326171875
page_0006,text,2,0.8278083801269531,759.3450317382812,1601.225341796875,887.4336547851562,1627.52490234375,128.088623046875,26.299560546875
page_0006,number,3,0.7796631455421448,815.3919067382812,1749.455322265625,829.2412719726562,1769.679443359375,13.849365234375,20.22412109375
page_0006,text,2,0.7276723384857178,343.9239501953125,1129.3443603515625,1309.2344970703125,1233.6153564453125,965.310546875,104.27099609375
page_0006,paragraph_title,0,0.6253847479820251,767.0867919921875,1069.3868408203125,883.2439575195312,1099.0274658203125,116.15716552734375,29.640625
page_0006,paragraph_title,0,0.5686819553375244,767.80810546875,1270.3577880859375,882.4208374023438,1300.6771240234375,114.61273193359375,30.3193359375
page_0006,text,2,0.5052178502082825,344.1585388183594,1448.36376953125,1302.695556640625,1555.6138916015625,958.5370178222656,107.2501220703125
page_0006,text,2,0.4843575656414032,346.5801086425781,1327.43701171875,1302.120849609375,1433.3828125,955.5407409667969,105.94580078125
page_0006,text,2,0.4292970299720764,345.2239685058594,732.2164916992188,1312.358642578125,834.7723999023438,967.1346740722656,102.555908203125
page_0006,text,2,0.4064708948135376,469.45257568359375,863.4592895507812,1312.55615234375,906.3921508789062,843.1035766601562,42.932861328125
page_0006,text,2,0.4000002145767212,344.04852294921875,238.13624572753906,1315.9940185546875,1040.8843994140625,971.9454956054688,802.7481536865234
page_0006,text,2,0.37641772627830505,347.2840270996094,608.5082397460938,1311.769287109375,713.2850341796875,964.4852600097656,104.77679443359375
page_0006,text,2,0.3543204069137573,346.1846923828125,933.9161376953125,1307.231201171875,1038.8228759765625,961.0465087890625,104.90673828125
page_0006,text,2,0.319975882768631,846.4302368164062,489.7655334472656,1311.572021484375,530.3146362304688,465.14178466796875,40.549102783203125
page_0006,text,2,0.3101541996002197,965.22509765625,427.09979248046875,1313.9820556640625,467.56988525390625,348.7569580078125,40.4700927734375
page_0006,text,2,0.29998818039894104,982.5523681640625,302.76641845703125,1313.7379150390625,343.5204162597656,331.185546875,40.753997802734375
page_0006,text,2,0.28363633155822754,1008.6130981445312,549.8257446289062,1309.5643310546875,593.282470703125,300.95123291015625,43.45672607421875
page_0006,text,2,0.280702143907547,1091.081298828125,240.88046264648438,1313.6014404296875,281.5936279296875,222.5201416015625,40.713165283203125
page_0006,text,2,0.27915018796920776,634.487060546875,998.4442138671875,1255.086181640625,1038.358642578125,620.59912109375,39.9144287109375
page_0006,text,2,0.2714522182941437,344.4969787597656,1326.68994140625,1303.79150390625,1557.79541015625,959.2945251464844,231.10546875
page_0006,text,2,0.25341182947158813,966.3529052734375,366.601318359375,1313.413330078125,410.1731872558594,347.0604248046875,43.571868896484375
page_0007,text,2,0.9373977184295654,344.8779602050781,1116.8271484375,1311.8985595703125,1474.1697998046875,967.0205993652344,357.3426513671875
page_0007,text,2,0.9300873875617981,342.7779846191406,1561.3651123046875,1308.6368408203125,1735.11865234375,965.8588562011719,173.7535400390625
page_0007,number,3,0.7969633936882019,810.5433959960938,1761.5611572265625,829.1685791015625,1783.6431884765625,18.62518310546875,22.08203125
page_0007,text,2,0.6368142366409302,350.462890625,686.3175659179688,1310.134521484375,1087.568603515625,959.671630859375,401.25103759765625
page_0007,paragraph_title,0,0.5600416660308838,758.35888671875,1502.703125,894.3799438476562,1533.419921875,136.02105712890625,30.716796875
page_0007,header,12,0.5241960883140564,674.864501953125,252.8584442138672,994.8690185546875,320.1474304199219,320.0045166015625,67.28898620605469
page_0007,text,2,0.5036161541938782,528.582763671875,465.3366394042969,1143.72412109375,647.9646606445312,615.141357421875,182.62802124023438
page_0007,text,2,0.39594942331314087,782.2125244140625,361.23211669921875,894.8741455078125,407.3251953125,112.66162109375,46.09307861328125
page_0007,text,2,0.37645769119262695,779.695068359375,614.2236328125,892.1517944335938,646.5555419921875,112.45672607421875,32.3319091796875
page_0007,figure_title,6,0.30073025822639465,763.7221069335938,1055.852783203125,898.819580078125,1087.7373046875,135.09747314453125,31.884521484375
page_0007,text,2,0.27084240317344666,736.2821044921875,464.5035095214844,934.9208984375,514.5670166015625,198.6387939453125,50.063507080078125
page_0008,text,2,0.9272584915161133,332.7552490234375,308.6134948730469,1298.52978515625,411.8905334472656,965.7745361328125,103.27703857421875
page_0008,text,2,0.8924367427825928,341.42254638671875,896.443115234375,1306.4375,999.361572265625,965.0149536132812,102.91845703125
page_0008,text,2,0.820382833480835,335.2660827636719,509.4017639160156,1294.26513671875,674.766845703125,958.9990539550781,165.36508178710938
page_0008,paragraph_title,0,0.7683437466621399,750.6141357421875,450.3058166503906,885.4780883789062,482.5140686035156,134.86395263671875,32.208251953125
page_0008,text,2,0.7679678201675415,337.77337646484375,694.9037475585938,1297.62060546875,796.9212646484375,959.8472290039062,102.01751708984375
page_0008,paragraph_title,0,0.7641247510910034,755.2356567382812,834.896240234375,889.213623046875,864.8284912109375,133.97796630859375,29.9322509765625
page_0008,number,3,0.7560209631919861,822.4650268554688,1759.912841796875,840.464111328125,1784.0604248046875,17.99908447265625,24.1475830078125
page_0008,paragraph_title,0,0.7263544797897339,749.062255859375,249.84512329101562,882.6889038085938,280.37188720703125,133.62664794921875,30.526763916015625
page_0008,text,2,0.7070149183273315,347.2207336425781,1474.75048828125,1270.9276123046875,1712.3895263671875,923.7068786621094,237.6390380859375
page_0008,text,2,0.7004379034042358,370.0896301269531,1090.435302734375,1234.1602783203125,1139.522705078125,864.0706481933594,49.08740234375
page_0008,paragraph_title,0,0.6018073558807373,757.4192504882812,1031.029296875,893.4866333007812,1061.8670654296875,136.0673828125,30.8377685546875
page_0008,text,2,0.5998273491859436,539.4364624023438,1415.61279296875,1306.17529296875,1462.626708984375,766.7388305664062,47.013916015625
page_0008,paragraph_title,0,0.5657481551170349,736.2998046875,1277.546630859375,916.5830078125,1321.1527099609375,180.283203125,43.6060791015625
page_0008,paragraph_title,0,0.5558823943138123,762.4742431640625,1356.762939453125,897.1558227539062,1389.298828125,134.68157958984375,32.535888671875
page_0008,paragraph_title,0,0.49097755551338196,723.09375,1196.6483154296875,927.271728515625,1248.3216552734375,204.177978515625,51.67333984375
page_0008,text,2,0.30938446521759033,369.15765380859375,1031.6749267578125,1234.619140625,1140.7379150390625,865.4614868164062,109.06298828125
page_0008,text,2,0.3062170147895813,351.0448303222656,1664.3948974609375,1219.1298828125,1713.8404541015625,868.0850524902344,49.445556640625
page_0008,text,2,0.2633571922779083,335.486328125,507.4849853515625,1297.5341796875,799.4799194335938,962.0478515625,291.99493408203125
page_0008,text,2,0.25375160574913025,827.5472412109375,754.3265380859375,1256.3663330078125,798.0739135742188,428.819091796875,43.74737548828125
page_0009,number,3,0.776057779788971,817.0003051757812,1762.0230712890625,830.1212158203125,1783.9058837890625,13.12091064453125,21.8828125
page_0009,paragraph_title,0,0.6964437365531921,766.3001708984375,832.1744995117188,903.0701904296875,862.1812744140625,136.77001953125,30.00677490234375
page_0009,text,2,0.6734103560447693,347.8906555175781,892.1602783203125,1319.0546875,998.4425659179688,971.1640319824219,106.28228759765625
page_0009,paragraph_title,0,0.6606019735336304,763.7102661132812,1227.68994140625,899.7230224609375,1258.786865234375,136.01275634765625,31.096923828125
page_0009,paragraph_title,0,0.6417863368988037,765.2939453125,1031.5157470703125,900.6732788085938,1062.7684326171875,135.37933349609375,31.252685546875
page_0009,text,2,0.5950726866722107,348.8262023925781,1092.7161865234375,1314.5133056640625,1198.994384765625,965.6871032714844,106.2781982421875
page_0009,text,2,0.5505973100662231,352.9505615234375,570.1968994140625,1313.788330078125,680.0543212890625,960.8377685546875,109.857421875
page_0009,text,2,0.5073592066764832,354.8838806152344,239.9945831298828,1229.7147216796875,354.8539733886719,874.8308410644531,114.85939025878906
page_0009,text,2,0.5020557641983032,353.0793151855469,372.54168701171875,1275.1400146484375,548.9786376953125,922.0606994628906,176.43695068359375
page_0009,formula,7,0.48242008686065674,345.13104248046875,1291.156494140625,1307.6793212890625,1528.6434326171875,962.5482788085938,237.4869384765625
page_0009,text,2,0.48179391026496887,344.640869140625,1611.6097412109375,1309.66748046875,1730.5689697265625,965.026611328125,118.959228515625
page_0009,text,2,0.47440844774246216,351.7857666015625,694.0734252929688,1314.6728515625,805.0491333007812,962.8870849609375,110.9757080078125
page_0009,paragraph_title,0,0.45674827694892883,758.8514404296875,1557.3370361328125,895.5661010742188,1589.2388916015625,136.71466064453125,31.90185546875
page_0009,text,2,0.3235388994216919,352.1519470214844,240.0552978515625,1316.6607666015625,806.7057495117188,964.5088195800781,566.6504516601562
page_0009,text,2,0.3058672845363617,478.7155456542969,1291.268798828125,1307.4608154296875,1333.7332763671875,828.7452697753906,42.4644775390625
page_0009,text,2,0.29867082834243774,355.3485412597656,240.39181518554688,1227.6444091796875,289.5328369140625,872.2958679199219,49.141021728515625
page_0009,text,2,0.2953678369522095,346.27484130859375,237.46461486816406,1318.9862060546875,1772.48046875,972.7113647460938,1535.015853881836
page_0009,text,2,0.2922423183917999,509.9789123535156,759.8067016601562,1272.8489990234375,805.0317993164062,762.8700866699219,45.22509765625
page_0009,text,2,0.277164101600647,584.0408935546875,306.33868408203125,1226.45458984375,354.6654052734375,642.4136962890625,48.32672119140625
page_0010,text,2,0.9091498851776123,340.48577880859375,573.676513671875,1300.3963623046875,673.3760375976562,959.9105834960938,99.69952392578125
page_0010,text,2,0.8588201999664307,346.88690185546875,1374.78271484375,1302.325927734375,1535.4422607421875,955.4390258789062,160.6595458984375
page_0010,text,2,0.8394680619239807,348.10504150390625,1557.522216796875,1305.3865966796875,1722.9261474609375,957.2815551757812,165.4039306640625
page_0010,paragraph_title,0,0.7950047850608826,750.2113037109375,510.220947265625,887.0469970703125,541.9907836914062,136.835693359375,31.76983642578125
page_0010,text,2,0.7917762994766235,343.0319519042969,1250.2442626953125,1300.9200439453125,1356.542236328125,957.8880920410156,106.2979736328125
page_0010,number,3,0.7879440188407898,811.8599853515625,1763.1722412109375,844.2742309570312,1784.9256591796875,32.41424560546875,21.75341796875
page_0010,paragraph_title,0,0.7776631712913513,756.77099609375,1187.708251953125,893.123291015625,1220.256103515625,136.352294921875,32.5478515625
page_0010,text,2,0.7482911348342896,340.8607482910156,937.1397705078125,1297.924072265625,1043.705322265625,957.0633239746094,106.5655517578125
page_0010,text,2,0.7435587048530579,338.3632507324219,309.58062744140625,1295.9678955078125,476.78851318359375,957.6046447753906,167.2078857421875
page_0010,paragraph_title,0,0.7342394590377808,749.43408203125,247.0452880859375,883.6635131835938,280.8644714355469,134.22943115234375,33.819183349609375
page_0010,paragraph_title,0,0.670905590057373,752.5125732421875,873.7926635742188,890.2367553710938,908.4041748046875,137.72418212890625,34.61151123046875
page_0010,text,2,0.6595283150672913,343.4713439941406,1057.1407470703125,1300.1063232421875,1165.488525390625,956.6349792480469,108.3477783203125
page_0010,paragraph_title,0,0.45950281620025635,724.6651611328125,796.430419921875,912.114990234375,840.2777099609375,187.4498291015625,43.8472900390625
page_0010,text,2,0.3848838210105896,709.4418334960938,715.7105102539062,923.4732666015625,767.2341918945312,214.03143310546875,51.523681640625
page_0010,text,2,0.32976987957954407,520.7534790039062,431.51806640625,1294.3580322265625,476.5379638671875,773.6045532226562,45.0198974609375
page_0010,text,2,0.30737823247909546,333.30963134765625,2.424736261367798,1281.355224609375,96.4072036743164,948.0455932617188,93.98246741294861
page_0010,text,2,0.3064038157463074,341.86773681640625,934.9334716796875,1300.72509765625,1167.3955078125,958.8573608398438,232.4620361328125
page_0011,text,2,0.912165105342865,369.7699279785156,217.96530151367188,1333.1375732421875,333.0155029296875,963.3676452636719,115.05020141601562
page_0011,number,3,0.8093596696853638,798.8505859375,1738.23193359375,832.299072265625,1760.9866943359375,33.448486328125,22.7547607421875
page_0011,text,2,0.5977453589439392,344.0364074707031,356.4908142089844,1320.8370361328125,1713.1197509765625,976.8006286621094,1356.6289367675781
page_0011,paragraph_title,0,0.32611843943595886,779.938232421875,356.5118103027344,917.0870971679688,390.8924560546875,137.14886474609375,34.380645751953125
page_0012,number,3,0.7906366586685181,818.6961669921875,1729.154052734375,853.5515747070312,1753.167724609375,34.85540771484375,24.013671875
page_0012,formula,7,0.5275834798812866,326.8087158203125,261.7103576660156,1291.517578125,1134.0101318359375,964.7088623046875,872.2997741699219
page_0012,reference_content,19,0.4428160488605499,350.36895751953125,1464.5684814453125,1307.5146484375,1694.7254638671875,957.1456909179688,230.156982421875
page_0012,paragraph_title,0,0.4352579414844513,755.7759399414062,1161.6954345703125,894.1868896484375,1194.6956787109375,138.41094970703125,33.000244140625
page_0012,paragraph_title,0,0.40353965759277344,735.365234375,221.33274841308594,871.6791381835938,253.88626098632812,136.31390380859375,32.55351257324219
page_0012,reference_content,19,0.4031771123409271,343.9728698730469,1220.0145263671875,1300.7293701171875,1447.721923828125,956.7565002441406,227.7073974609375
page_0012,formula,7,0.3495329022407532,330.4425964355469,236.6546173095703,1304.193359375,1698.233642578125,973.7507629394531,1461.5790252685547
page_0013,number,3,0.7840940356254578,828.4365844726562,1779.3704833984375,866.611083984375,1801.405517578125,38.17449951171875,22.0350341796875
page_0013,formula,7,0.41025859117507935,370.3267517089844,261.3568115234375,1298.94140625,873.0795288085938,928.6146545410156,611.7227172851562
page_0013,paragraph_title,0,0.3977346122264862,786.8673706054688,896.2953491210938,923.4572143554688,928.1276245117188,136.58984375,31.832275390625
page_0013,text,2,0.3486230969429016,364.9598693847656,1581.923095703125,1334.8038330078125,1756.1268310546875,969.8439636230469,174.2037353515625
page_0013,reference,9,0.2997902035713196,366.1641540527344,261.4349670410156,1332.6141357421875,1755.8748779296875,966.4499816894531,1494.4399108886719
page_0013,text,2,0.27485692501068115,370.1686096191406,1141.9129638671875,1330.1090087890625,1311.7841796875,959.9403991699219,169.8712158203125
page_0013,formula,7,0.27062878012657166,365.59405517578125,946.2929077148438,1333.652587890625,1756.8604736328125,968.0585327148438,810.5675659179688
page_0014,text,2,0.9286908507347107,324.85382080078125,335.6827087402344,1291.0379638671875,438.0146179199219,966.1841430664062,102.3319091796875
page_0014,text,2,0.8692923188209534,333.2262268066406,1579.4317626953125,1292.134033203125,1745.0721435546875,958.9078063964844,165.640380859375
page_0014,text,2,0.8475376963615417,305.7728271484375,625.4220581054688,1282.12109375,848.9042358398438,976.3482666015625,223.482177734375
page_0014,text,2,0.8278283476829529,328.9781494140625,1058.7532958984375,1290.0303955078125,1225.912109375,961.05224609375,167.1588134765625
page_0014,number,3,0.8153689503669739,798.4629516601562,1774.331298828125,833.43115234375,1798.4033203125,34.96820068359375,24.072021484375
page_0014,text,2,0.8150429725646973,331.43817138671875,1317.1146240234375,1289.845458984375,1422.0047607421875,958.4072875976562,104.89013671875
page_0014,text,2,0.8133718371391296,325.3847961425781,873.1558227539062,1286.8447265625,1038.0440673828125,961.4599304199219,164.88824462890625
page_0014,paragraph_title,0,0.7521674633026123,744.1839599609375,1258.098388671875,881.055908203125,1287.7279052734375,136.8719482421875,29.6295166015625
page_0014,paragraph_title,0,0.6964360475540161,680.6947631835938,459.8192443847656,933.9382934570312,524.1976928710938,253.2435302734375,64.37844848632812
page_0014,paragraph_title,0,0.6895809769630432,746.0877685546875,1519.2022705078125,883.9019165039062,1550.7811279296875,137.81414794921875,31.578857421875
page_0014,text,2,0.6487205624580383,445.7130432128906,1443.8250732421875,1291.984375,1485.69091796875,846.2713317871094,41.8658447265625
page_0014,paragraph_title,0,0.6444593667984009,739.5087890625,264.8782653808594,873.40771484375,295.9405822753906,133.89892578125,31.06231689453125
page_0014,paragraph_title,0,0.629942774772644,737.454833984375,564.6591186523438,876.6044921875,596.7728271484375,139.149658203125,32.11370849609375
page_0014,text,2,0.2566191256046295,612.110107421875,1699.3184814453125,1250.3013916015625,1747.0250244140625,638.1912841796875,47.70654296875
page_0015,text,2,0.8788582682609558,352.9293518066406,474.0110778808594,1318.372802734375,659.2196044921875,965.4434509277344,185.20852661132812
page_0015,text,2,0.8783446550369263,335.3695068359375,1354.6279296875,1301.3341064453125,1531.9649658203125,965.964599609375,177.3370361328125
page_0015,text,2,0.8616715669631958,358.7479553222656,289.7410888671875,1322.7723388671875,410.8581237792969,964.0243835449219,121.11703491210938
page_0015,paragraph_title,0,0.8035228252410889,772.0363159179688,240.8404541015625,910.2887573242188,273.2963562011719,138.25244140625,32.455902099609375
page_0015,number,3,0.7918795347213745,791.1441040039062,1752.9349365234375,827.0729370117188,1774.2440185546875,35.9288330078125,21.30908203125
page_0015,paragraph_title,0,0.7917926907539368,767.9392700195312,420.4840393066406,906.3609008789062,450.9725341796875,138.421630859375,30.488494873046875
page_0015,paragraph_title,0,0.7832690477371216,762.9618530273438,681.349609375,900.852783203125,712.87646484375,137.89093017578125,31.52685546875
page_0015,paragraph_title,0,0.7830072641372681,744.24853515625,1557.6353759765625,881.4019775390625,1588.9959716796875,137.1534423828125,31.360595703125
page_0015,paragraph_title,0,0.7808124423027039,756.376953125,984.1994018554688,895.08935546875,1014.4288330078125,138.71240234375,30.22943115234375
page_0015,text,2,0.7685456275939941,330.5494689941406,1619.36181640625,1288.802001953125,1730.2218017578125,958.2525329589844,110.8599853515625
page_0015,paragraph_title,0,0.713429868221283,742.4114379882812,1296.7188720703125,888.3469848632812,1330.300048828125,145.935546875,33.5811767578125
page_0015,text,2,0.6766971945762634,349.9225769042969,734.60302734375,1308.6087646484375,957.2207641601562,958.6861877441406,222.61773681640625
page_0015,text,2,0.5844007730484009,336.5460205078125,1045.0701904296875,1301.9847412109375,1278.5888671875,965.438720703125,233.5186767578125
page_0015,text,2,0.525942862033844,338.7047119140625,1164.8182373046875,1299.382080078125,1276.66357421875,960.6773681640625,111.8453369140625
page_0015,text,2,0.43115541338920593,583.68798828125,1044.6171875,1230.447998046875,1093.7215576171875,646.760009765625,49.1043701171875
page_0015,text,2,0.3854779005050659,740.2927856445312,911.0684204101562,1307.4140625,957.084228515625,567.1212768554688,46.01580810546875
page_0015,text,2,0.3828423023223877,576.6280517578125,1108.4737548828125,1300.02490234375,1153.49267578125,723.3968505859375,45.0189208984375
page_0015,text,2,0.35856419801712036,525.54833984375,850.8465576171875,1305.985595703125,896.342041015625,780.437255859375,45.4954833984375
page_0015,text,2,0.3141794800758362,890.287109375,803.411376953125,1267.0699462890625,843.3916625976562,376.7828369140625,39.98028564453125
page_0015,text,2,0.2996283173561096,900.0712280273438,1236.9757080078125,1255.5614013671875,1278.0042724609375,355.49017333984375,41.028564453125
page_0015,text,2,0.2823536992073059,350.2825622558594,733.491943359375,1307.8480224609375,788.1956176757812,957.5654602050781,54.70367431640625
page_0015,header,12,0.2544642984867096,384.01348876953125,33.68183898925781,407.8870849609375,94.94475555419922,23.87359619140625,61.262916564941406
page_0016,text,2,0.8223238587379456,365.2596130371094,1541.6829833984375,1335.0206298828125,1714.8739013671875,969.7610168457031,173.19091796875
page_0016,number,3,0.7888772487640381,833.0572509765625,1746.0831298828125,868.3733520507812,1769.4998779296875,35.31610107421875,23.416748046875
page_0016,paragraph_title,0,0.7085491418838501,773.13720703125,1182.5714111328125,909.4198608398438,1214.8492431640625,136.28265380859375,32.27783203125
page_0016,text,2,0.6980521082878113,361.9266662597656,1239.3033447265625,1317.2928466796875,1346.0108642578125,955.3661804199219,106.70751953125
page_0016,paragraph_title,0,0.689178466796875,780.1619262695312,1484.587646484375,915.8697509765625,1515.784912109375,135.70782470703125,31.197265625
page_0016,text,2,0.6602429151535034,361.8363037109375,1360.603759765625,1320.3438720703125,1451.8306884765625,958.507568359375,91.2269287109375
page_0016,text,2,0.6024963855743408,337.37237548828125,224.77137756347656,1261.6571044921875,336.7459716796875,924.2847290039062,111.97459411621094
page_0016,paragraph_title,0,0.5910782217979431,760.7353515625,675.4129638671875,899.5516967773438,708.1644897460938,138.81634521484375,32.75152587890625
page_0016,text,2,0.5731494426727295,349.083740234375,735.3189086914062,1307.8250732421875,906.0548095703125,958.7413330078125,170.73590087890625
page_0016,text,2,0.5552888512611389,355.3865661621094,1041.0631103515625,1315.8905029296875,1147.5350341796875,960.5039367675781,106.471923828125
page_0016,text,2,0.5440866947174072,353.4232177734375,916.8028564453125,1312.3228759765625,1029.927978515625,958.899658203125,113.1251220703125
page_0016,text,2,0.48904919624328613,350.9495849609375,735.9569091796875,1313.240234375,1149.0775146484375,962.2906494140625,413.12060546875
page_0016,text,2,0.48565876483917236,343.04595947265625,350.86383056640625,1302.5135498046875,460.6922607421875,959.4675903320312,109.82843017578125
page_0016,text,2,0.4718838930130005,340.6046142578125,225.39279174804688,1305.482666015625,650.3580932617188,964.8780517578125,424.9653015136719
page_0016,text,2,0.42847099900245667,346.21722412109375,468.5501403808594,1305.439697265625,648.8148193359375,959.2224731445312,180.26467895507812
page_0016,text,2,0.31204134225845337,413.37054443359375,409.26806640625,1261.556884765625,460.7727355957031,848.1863403320312,51.504669189453125
page_0016,text,2,0.2883204221725464,464.6563720703125,594.6315307617188,1265.1611328125,650.280517578125,800.5047607421875,55.64898681640625
page_0016,text,2,0.28763633966445923,361.1602478027344,1237.8697509765625,1320.44775390625,1453.75537109375,959.2875061035156,215.8856201171875
page_0016,text,2,0.28596702218055725,353.94281005859375,731.6306762695312,1317.2991943359375,1460.3865966796875,963.3563842773438,728.7559204101562
page_0017,text,2,0.8998294472694397,376.6947937011719,324.44207763671875,1337.4075927734375,488.55328369140625,960.7127990722656,164.1112060546875
page_0017,text,2,0.8910887837409973,376.7168884277344,506.994873046875,1337.58544921875,658.4701538085938,960.8685607910156,151.47528076171875
page_0017,number,3,0.8278786540031433,836.8902587890625,1761.505859375,874.642822265625,1784.8446044921875,37.7525634765625,23.3387451171875
page_0017,text,2,0.8025380969047546,374.1821594238281,1137.461181640625,1335.8109130859375,1489.4451904296875,961.6287536621094,351.9840087890625
page_0017,text,2,0.779769778251648,375.0550842285156,1573.07470703125,1334.99755859375,1723.1593017578125,959.9424743652344,150.0845947265625
page_0017,paragraph_title,0,0.7034907341003418,794.5552368164062,252.39295959472656,928.814697265625,282.5379638671875,134.25946044921875,30.145004272460938
page_0017,image,1,0.6403467655181885,725.2842407226562,727.8887329101562,988.716552734375,1099.212646484375,263.43231201171875,371.32391357421875
page_0017,figure_title,6,0.5693135261535645,789.6824340820312,1512.71337890625,925.5214233398438,1542.782958984375,135.8389892578125,30.069580078125
page_0017,text,2,0.38238295912742615,700.3585815429688,1682.1942138671875,1334.09375,1723.810546875,633.7351684570312,41.6163330078125
page_0017,figure_title,6,0.3081570565700531,796.4049072265625,1070.41015625,921.43115234375,1100.4876708984375,125.0262451171875,30.0775146484375
page_0017,text,2,0.2562367618083954,801.9407958984375,842.685546875,916.0352783203125,892.7443237304688,114.094482421875,50.05877685546875
