crop_id,page,page_number,order,label,layout_score,x1,y1,x2,y2,width,height,retried,paddle_text,paddle_score,paddle_n_lines,tess_text,tess_score,tess_n_lines,final_source,final_score,text,n_lines,crop_path
page_0003_001_doc_title,page_0003,3,1,doc_title,0.366880863904953,585,272,1067,490,482,218,True,"اهارة
ي

لا
ي",0.3365,5,"قانون التجارة
رقم *© للعام 0٠م‏",0.7338,2,tesseract,0.7338,"قانون التجارة
رقم *© للعام 0٠م‏",2,./crops\page_0003\page_0003_001_doc_title.png
page_0003_002_text,page_0003,3,2,text,0.26790839433670044,335,566,1241,823,906,257,False,"رئيس الجمهورية
بناءَ على أحكام الدستور
وعلى ما أقرّه مجلس الشعب في جلسته المنعقدة بتاريخ ٤١
الموافق٢١",0.8864,4,,,0,paddle,0.8864,"رئيس الجمهورية
بناءَ على أحكام الدستور
وعلى ما أقرّه مجلس الشعب في جلسته المنعقدة بتاريخ ٤١
الموافق٢١",4,./crops\page_0003\page_0003_002_text.png
page_0003_003_text,page_0003,3,3,text,0.28744637966156006,724,836,920,889,196,53,False,"يلى
يصدر",0.8812,2,,,0,paddle,0.8812,"يلى
يصدر",2,./crops\page_0003\page_0003_003_text.png
page_0003_004_text,page_0003,3,4,text,0.345867782831192,761,908,885,953,124,45,False,المادة,0.8894,1,,,0,paddle,0.8894,المادة,1,./crops\page_0003\page_0003_004_text.png
page_0003_005_text,page_0003,3,5,text,0.3900672197341919,532,970,1235,1028,703,58,False,تطبق أحكام قانون التجارة المرفق اعتباراً من تاريخ سريانه,0.9601,1,,,0,paddle,0.9601,تطبق أحكام قانون التجارة المرفق اعتباراً من تاريخ سريانه,1,./crops\page_0003\page_0003_005_text.png
page_0003_006_text,page_0003,3,6,text,0.3369048833847046,757,1045,884,1091,127,46,False,المادة٢,0.8931,1,,,0,paddle,0.8931,المادة٢,1,./crops\page_0003\page_0003_006_text.png
page_0003_007_text,page_0003,3,7,text,0.38956162333488464,330,1105,1303,1227,973,122,False,"يلغى اعتباراً من التاريخ المذكور المرسوم التشريعي رقم١٤٩ الصادر في
١٩٤٩٦م وتعديلاته وجميع الأحكام المخالفة لقانون التجارة المرفق",0.9329,2,,,0,paddle,0.9329,"يلغى اعتباراً من التاريخ المذكور المرسوم التشريعي رقم١٤٩ الصادر في
١٩٤٩٦م وتعديلاته وجميع الأحكام المخالفة لقانون التجارة المرفق",2,./crops\page_0003\page_0003_007_text.png
page_0003_008_paragraph_title,page_0003,3,8,paragraph_title,0.38648632168769836,753,1242,882,1287,129,45,True,المادة ٣,0.8474,1,المادة ؟,0.875,1,tesseract,0.875,المادة ؟,1,./crops\page_0003\page_0003_008_paragraph_title.png
page_0003_009_text,page_0003,3,9,text,0.46002689003944397,328,1301,1300,1429,972,128,False,"ينشر هذا القانون في الجريدة الرسمية ويعمل به اعتباراً من تاريخ
٢٠٨٤١",0.8938,2,,,0,paddle,0.8938,"ينشر هذا القانون في الجريدة الرسمية ويعمل به اعتباراً من تاريخ
٢٠٨٤١",2,./crops\page_0003\page_0003_009_text.png
page_0003_010_text,page_0003,3,10,text,0.44285377860069275,575,1447,1232,1504,657,57,True,مشق فيموافق ٢,0.6486,1,دمشق في 5778/1/79 ١ه‏ الموافق ل 7/4١1/١٠م.‏,0.58,1,paddle,0.6486,مشق فيموافق ٢,1,./crops\page_0003\page_0003_010_text.png
page_0003_011_text,page_0003,3,11,text,0.4450923204421997,363,1519,587,1633,224,114,False,"الجمهورية
رئيس
بشار الأسد",0.9753,3,,,0,paddle,0.9753,"الجمهورية
رئيس
بشار الأسد",3,./crops\page_0003\page_0003_011_text.png
page_0003_012_number,page_0003,3,12,number,0.8211987018585205,796,1774,826,1807,30,33,False,٣,0.9905,1,,,0,paddle,0.9905,٣,1,./crops\page_0003\page_0003_012_number.png
page_0004_001_text,page_0004,4,1,text,0.2569800019264221,740,686,920,755,180,69,False,أحكام عامة,0.9252,1,,,0,paddle,0.9252,أحكام عامة,1,./crops\page_0004\page_0004_001_text.png
page_0004_002_figure_title,page_0004,4,2,figure_title,0.41266581416130066,771,766,896,812,125,46,False,المادة,0.8703,1,,,0,paddle,0.8703,المادة,1,./crops\page_0004\page_0004_002_figure_title.png
page_0004_003_text,page_0004,4,3,text,0.958302915096283,347,837,1325,1007,978,170,False,"يتضمن هذا القانون القواعد المختصة بالأعمال التجارية التي يقوم بها أي
شخص مهما كانت صفته القانونية ويتضمن من جهة أخرى الأحكام التي تطبق
على الأشخاص الذين اتخذوا التجارة مهنة",0.9556,3,,,0,paddle,0.9556,"يتضمن هذا القانون القواعد المختصة بالأعمال التجارية التي يقوم بها أي
شخص مهما كانت صفته القانونية ويتضمن من جهة أخرى الأحكام التي تطبق
على الأشخاص الذين اتخذوا التجارة مهنة",3,./crops\page_0004\page_0004_003_text.png
page_0004_004_paragraph_title,page_0004,4,4,paragraph_title,0.798930287361145,773,1033,899,1076,126,43,False,المادة٢,0.9398,1,,,0,paddle,0.9398,المادة٢,1,./crops\page_0004\page_0004_004_paragraph_title.png
page_0004_005_text,page_0004,4,5,text,0.8624343872070312,349,1096,1321,1269,972,173,False,"إذا انتفى النص من هذا القانون فتطبق على المواد التجارية أحكام القانون المدني
٢ على أن تطبق هذه الأحكام لا يكون إلاآً على نسبة اتفاقها مع المبادىئ المختصة
بالقانون التجاري والعرف التجاري",0.9392,3,,,0,paddle,0.9392,"إذا انتفى النص من هذا القانون فتطبق على المواد التجارية أحكام القانون المدني
٢ على أن تطبق هذه الأحكام لا يكون إلاآً على نسبة اتفاقها مع المبادىئ المختصة
بالقانون التجاري والعرف التجاري",3,./crops\page_0004\page_0004_005_text.png
page_0004_006_paragraph_title,page_0004,4,6,paragraph_title,0.744592010974884,774,1293,902,1335,128,42,False,المادة٣,0.9945,1,,,0,paddle,0.9945,المادة٣,1,./crops\page_0004\page_0004_006_paragraph_title.png
page_0004_007_text,page_0004,4,7,text,0.9506476521492004,352,1357,1329,1472,977,115,False,"إذا لم يوجد نص تشريعي يمكن تطبيقه، فللقاضي أن يسترشد بما استقر عليه
الاجتهاد القضائي وبمبادئ العدالة والإنصاف والاستقامة التجارية",0.9664,2,,,0,paddle,0.9664,"إذا لم يوجد نص تشريعي يمكن تطبيقه، فللقاضي أن يسترشد بما استقر عليه
الاجتهاد القضائي وبمبادئ العدالة والإنصاف والاستقامة التجارية",2,./crops\page_0004\page_0004_007_text.png
page_0004_008_paragraph_title,page_0004,4,8,paragraph_title,0.754129946231842,780,1493,904,1534,124,41,False,المادة ٤,0.9107,1,,,0,paddle,0.9107,المادة ٤,1,./crops\page_0004\page_0004_008_paragraph_title.png
page_0004_009_text,page_0004,4,9,text,0.912895143032074,354,1551,1323,1726,969,175,False,"١ على القاضي عند تحديد آثار العمل التجاري أن يطبق العرف المتوطد إلآإذا
ظهر أن المتعاقدين قصدوا مخالفة العرف أو كان العرف متعارضاً مع النصوص
التشريعية الإلزامية",0.9521,3,,,0,paddle,0.9521,"١ على القاضي عند تحديد آثار العمل التجاري أن يطبق العرف المتوطد إلآإذا
ظهر أن المتعاقدين قصدوا مخالفة العرف أو كان العرف متعارضاً مع النصوص
التشريعية الإلزامية",3,./crops\page_0004\page_0004_009_text.png
page_0004_010_number,page_0004,4,10,number,0.7635974884033203,830,1771,853,1805,23,34,True,A,0.2221,1,1,0.6,1,tesseract,0.6,1,1,./crops\page_0004\page_0004_010_number.png
page_0005_001_text,page_0005,5,1,text,0.5617988705635071,501,233,1316,287,815,54,False,٢ـويُعدّ العرف الخأص والعرف المحلي مرجحين على العرفالعام,0.9287,1,,,0,paddle,0.9287,٢ـويُعدّ العرف الخأص والعرف المحلي مرجحين على العرفالعام,1,./crops\page_0005\page_0005_001_text.png
page_0005_002_paragraph_title,page_0005,5,2,paragraph_title,0.5005205869674683,768,306,895,351,127,45,False,المادة,0.9993,1,,,0,paddle,0.9993,المادة,1,./crops\page_0005\page_0005_002_paragraph_title.png
page_0005_003_text,page_0005,5,3,text,0.9473426342010498,342,370,1321,546,979,176,False,"التجاارية والمعارض والأسواقوالمخازن العامة
إن البورصات
والمستودعات وسائر المنشات المُعدّة للتجارة تخضع على قدر الحاجة
لقوانين وأنظمة خاصة",0.9123,4,,,0,paddle,0.9123,"التجاارية والمعارض والأسواقوالمخازن العامة
إن البورصات
والمستودعات وسائر المنشات المُعدّة للتجارة تخضع على قدر الحاجة
لقوانين وأنظمة خاصة",4,./crops\page_0005\page_0005_003_text.png
page_0005_004_figure_title,page_0005,5,4,figure_title,0.6277923583984375,769,806,895,851,126,45,False,المادة٧,0.9279,1,,,0,paddle,0.9279,المادة٧,1,./crops\page_0005\page_0005_004_figure_title.png
page_0005_005_text,page_0005,5,5,text,0.674835205078125,342,872,1327,1734,985,862,False,"ثعدّ بحكم ماهيتها الذاتية أعمالاً تجارية
أ شراء المنقولات المادية وغير المادية لأجل بيعها بربح ما سواء بيعت على حالتها
أم بعد شغلها أو تحويلها
ب شراء تلك الأشياء المنقولة نفسها لأجل تأجيرها أو استثجارها لأجل تأجيرها
ثانية
جالبيع أو الاستئجار أو التأجير ثانية للأشياء المشترة أو المستأجرة على الوجه
المبين فيما تقدم
د أعمال الصرافة والمبادلة المالية ومعاملات المصارف العامة والخاصة
همشروع التوريد
ومشروع المصانع وإن يكن مقترناً باستثمار زراعي، إلآ إذا كان تحويل المواد يتم
بعمل يدوي بسيط
زـ مشروع النقل براً أو جواً أو على سطح الماء
حمشروع الوكالة والسمسرة
طـمشروع التأمين بأنواعه
يمشروع المشاهد العامة",0.9491,15,,,0,paddle,0.9491,"ثعدّ بحكم ماهيتها الذاتية أعمالاً تجارية
أ شراء المنقولات المادية وغير المادية لأجل بيعها بربح ما سواء بيعت على حالتها
أم بعد شغلها أو تحويلها
ب شراء تلك الأشياء المنقولة نفسها لأجل تأجيرها أو استثجارها لأجل تأجيرها
ثانية
جالبيع أو الاستئجار أو التأجير ثانية للأشياء المشترة أو المستأجرة على الوجه
المبين فيما تقدم
د أعمال الصرافة والمبادلة المالية ومعاملات المصارف العامة والخاصة
همشروع التوريد
ومشروع المصانع وإن يكن مقترناً باستثمار زراعي، إلآ إذا كان تحويل المواد يتم
بعمل يدوي بسيط
زـ مشروع النقل براً أو جواً أو على سطح الماء
حمشروع الوكالة والسمسرة
طـمشروع التأمين بأنواعه
يمشروع المشاهد العامة",15,./crops\page_0005\page_0005_005_text.png
page_0005_006_number,page_0005,5,6,number,0.7656030058860779,820,1750,845,1780,25,30,True,,,0,ا,0.0,1,tesseract,0.0,ا,1,./crops\page_0005\page_0005_006_number.png
page_0006_001_text,page_0006,6,1,text,0.4000002145767212,338,232,1322,1047,984,815,False,"ك مشروع النشر
لمشروع المخازن العامة
ممشروع المناجم والبترول
نمشروع الاشغال العقارية
سمشروع شراء العقارات لبيعها بربح
عمشروع وكالة اشغال
فـكل مشروع لإنشاء وشراء بواخر مُعدّة للملاحة الداخلية أو الخارجية، بقصد
استثمارها تجارياً أو بيعها وكل بيع للبواخر المشتراة على هذا الوجه
ص جميع الإرساليات البحرية وكل عملية تتعلّق بها كالشراء أو بيع لوازمها من
حبال وأشرعة ومؤن
ث  إجارة السفن أو التزام النقل عليها والإقراض أو الاستقراض البحري
خوسائر العقود المختصة بالتجارة البحرية كالاتفاقات والمقاولات على أجور البحار
وبدل خدمتهم واستخدامهم للعمل على بواخر تجارية",0.9417,13,,,0,paddle,0.9417,"ك مشروع النشر
لمشروع المخازن العامة
ممشروع المناجم والبترول
نمشروع الاشغال العقارية
سمشروع شراء العقارات لبيعها بربح
عمشروع وكالة اشغال
فـكل مشروع لإنشاء وشراء بواخر مُعدّة للملاحة الداخلية أو الخارجية، بقصد
استثمارها تجارياً أو بيعها وكل بيع للبواخر المشتراة على هذا الوجه
ص جميع الإرساليات البحرية وكل عملية تتعلّق بها كالشراء أو بيع لوازمها من
حبال وأشرعة ومؤن
ث  إجارة السفن أو التزام النقل عليها والإقراض أو الاستقراض البحري
خوسائر العقود المختصة بالتجارة البحرية كالاتفاقات والمقاولات على أجور البحار
وبدل خدمتهم واستخدامهم للعمل على بواخر تجارية",13,./crops\page_0006\page_0006_001_text.png
page_0006_002_paragraph_title,page_0006,6,2,paragraph_title,0.6253847479820251,761,1063,889,1105,128,42,False,المادة,0.9511,1,,,0,paddle,0.9511,المادة,1,./crops\page_0006\page_0006_002_paragraph_title.png
page_0006_003_text,page_0006,6,3,text,0.7276723384857178,337,1123,1315,1240,978,117,False,"وثُعدّ كذلك من الأعمال التجارية بحكم ماهيتها الذاتية، الأعمال التي يمكن
اعتبارها مجانسة للأعمال المتقدمة لتشابه صفاتها وغاياتها",0.954,2,,,0,paddle,0.954,"وثُعدّ كذلك من الأعمال التجارية بحكم ماهيتها الذاتية، الأعمال التي يمكن
اعتبارها مجانسة للأعمال المتقدمة لتشابه صفاتها وغاياتها",2,./crops\page_0006\page_0006_003_text.png
page_0006_004_paragraph_title,page_0006,6,4,paragraph_title,0.5686819553375244,761,1264,888,1307,127,43,False,المادة,0.9439,1,,,0,paddle,0.9439,المادة,1,./crops\page_0006\page_0006_004_paragraph_title.png
page_0006_005_text,page_0006,6,5,text,0.2714522182941437,338,1320,1310,1564,972,244,False,"١جميع الأعمال التي يقوم بها التاجر لحاجات تجارته ثعدّ تجارية أيضاً في نظر
القانون
وعند قيام الشك، ثُعدّ أعمال التأجير صادرة منه لهذه الغاية إلآ إذا ثبت
العكس",0.9752,4,,,0,paddle,0.9752,"١جميع الأعمال التي يقوم بها التاجر لحاجات تجارته ثعدّ تجارية أيضاً في نظر
القانون
وعند قيام الشك، ثُعدّ أعمال التأجير صادرة منه لهذه الغاية إلآ إذا ثبت
العكس",4,./crops\page_0006\page_0006_005_text.png
page_0006_006_text,page_0006,6,6,text,0.8278083801269531,753,1595,893,1634,140,39,True,,,0,نا لا لا,0.91,1,tesseract,0.91,نا لا لا,1,./crops\page_0006\page_0006_006_text.png
page_0006_007_number,page_0006,6,7,number,0.7796631455421448,809,1743,835,1776,26,33,True,5,0.205,1,١,0.38,1,tesseract,0.38,١,1,./crops\page_0006\page_0006_007_number.png
page_0007_001_header,page_0007,7,1,header,0.5241960883140564,668,246,1001,326,333,80,True,"ارار
ايب",0.4727,2,الباب الثالثكف,0.485,1,tesseract,0.485,الباب الثالثكف,1,./crops\page_0007\page_0007_001_header.png
page_0007_002_text,page_0007,7,2,text,0.39594942331314087,776,355,901,413,125,58,True,ااتجار,0.8473,1,التجار,0.83,1,paddle,0.8473,ااتجار,1,./crops\page_0007\page_0007_002_text.png
page_0007_003_text,page_0007,7,3,text,0.5036161541938782,522,459,1150,654,628,195,False,"الفصل الأول
التجار على وجه عام والأهلية المطلوبة للاتجار
المادة ٩",0.9179,3,,,0,paddle,0.9179,"الفصل الأول
التجار على وجه عام والأهلية المطلوبة للاتجار
المادة ٩",3,./crops\page_0007\page_0007_003_text.png
page_0007_004_text,page_0007,7,4,text,0.6368142366409302,344,680,1316,1094,972,414,True,"٢ا-
ا ة   ي  يي  ة عمي   ييي
في يي  ة  ي   ي
الةي ص     ي  ي   ي ي لي و  وو لوة     ل اة
يي ي ل  ي ي لقلويي  ل وي لي و ل  ل لO ل   ع  ي ي
لييلل  ليل و يولهم لو  ل   إل٥ص لل ي ل  لح ي
المادة",0.5352,7,"١-التجار‏ هم:
أ- الأشخاص الذين تكون مهنتهم القيام بأعمال تجارية.
ب-الشركات التي يكون موضوعها تجارياً.
*- الشركات التي يكون موضوعها مدنياً ولكنها اتخذت صفة الشركات المساهمة أو
الشركات المحدودة المسؤولية؛ فتخضع لجميع التزامات التجار المعينة في الفصلين
الثاني والثالث الآتيين» ولأحكام الصلح الواقي والإفلاس المقرّرة في هذا القانون.
المادة ٠١‏",0.888,7,tesseract,0.888,"١-التجار‏ هم:
أ- الأشخاص الذين تكون مهنتهم القيام بأعمال تجارية.
ب-الشركات التي يكون موضوعها تجارياً.
*- الشركات التي يكون موضوعها مدنياً ولكنها اتخذت صفة الشركات المساهمة أو
الشركات المحدودة المسؤولية؛ فتخضع لجميع التزامات التجار المعينة في الفصلين
الثاني والثالث الآتيين» ولأحكام الصلح الواقي والإفلاس المقرّرة في هذا القانون.
المادة ٠١‏",7,./crops\page_0007\page_0007_004_text.png
page_0007_005_text,page_0007,7,5,text,0.9373977184295654,338,1110,1318,1480,980,370,False,"إن الأفراد الذين يتعاطون تجارة صغيرة أو حرفة بسيطة ذات نفقات عامة
زهيدة بحيث يعتمدون في الغالب على مساعيهم البدنية للحصول على أرباح قليلة
لتأمين معيشهم أكثر من استادهم إلى رأس ما لهم النقدي، كالبائع الطواف أو البائع
بالمياومة أو الذين يقومون بنقليات صغيرة على البر أو سطحالماء، لا يخضعون
للواجبات المختصة بالدفاتر التجارية ولا لقواعد الشهر ولا لأحكام الإفلاس والصلح
الواقي المنصوص عليها في هذا القانون",0.9509,6,,,0,paddle,0.9509,"إن الأفراد الذين يتعاطون تجارة صغيرة أو حرفة بسيطة ذات نفقات عامة
زهيدة بحيث يعتمدون في الغالب على مساعيهم البدنية للحصول على أرباح قليلة
لتأمين معيشهم أكثر من استادهم إلى رأس ما لهم النقدي، كالبائع الطواف أو البائع
بالمياومة أو الذين يقومون بنقليات صغيرة على البر أو سطحالماء، لا يخضعون
للواجبات المختصة بالدفاتر التجارية ولا لقواعد الشهر ولا لأحكام الإفلاس والصلح
الواقي المنصوص عليها في هذا القانون",6,./crops\page_0007\page_0007_005_text.png
page_0007_006_paragraph_title,page_0007,7,6,paragraph_title,0.5600416660308838,752,1496,900,1539,148,43,False,المادة,0.994,1,,,0,paddle,0.994,المادة,1,./crops\page_0007\page_0007_006_paragraph_title.png
page_0007_007_text,page_0007,7,7,text,0.9300873875617981,336,1555,1315,1741,979,186,False,"كل من أعلن فى الصحف أو النشرات أو أي واسطة أخرى عن نفسه كتاجر
أو عن المحل الذي أسسه أو يستثمره للاشتغال بالمعاملات التجارية يُعدّ تاجراً وإن
لم يتخذ التجارة مهنة مألوفة له",0.9399,3,,,0,paddle,0.9399,"كل من أعلن فى الصحف أو النشرات أو أي واسطة أخرى عن نفسه كتاجر
أو عن المحل الذي أسسه أو يستثمره للاشتغال بالمعاملات التجارية يُعدّ تاجراً وإن
لم يتخذ التجارة مهنة مألوفة له",3,./crops\page_0007\page_0007_007_text.png
page_0007_008_number,page_0007,7,8,number,0.7969633936882019,804,1755,835,1790,31,35,True,V,0.8067,1,7,0.74,1,paddle,0.8067,V,1,./crops\page_0007\page_0007_008_number.png
page_0008_001_paragraph_title,page_0008,8,1,paragraph_title,0.7263544797897339,743,243,889,286,146,43,False,المادة١,0.9253,1,,,0,paddle,0.9253,المادة١,1,./crops\page_0008\page_0008_001_paragraph_title.png
page_0008_002_text,page_0008,8,2,text,0.9272584915161133,326,302,1305,418,979,116,False,"لا يُعدّ تاجراً من قام بمعاملة تجارية عرضاً إلآ أن المعاملة تكون خاضعة
لأحكام قانون التجارة",0.9273,2,,,0,paddle,0.9273,"لا يُعدّ تاجراً من قام بمعاملة تجارية عرضاً إلآ أن المعاملة تكون خاضعة
لأحكام قانون التجارة",2,./crops\page_0008\page_0008_002_text.png
page_0008_003_paragraph_title,page_0008,8,3,paragraph_title,0.7683437466621399,744,444,891,489,147,45,False,المادة ٣,0.8863,1,,,0,paddle,0.8863,المادة ٣,1,./crops\page_0008\page_0008_003_paragraph_title.png
page_0008_004_text,page_0008,8,4,text,0.2633571922779083,329,501,1304,805,975,304,False,"لا ثعدّ الدولة ودوائرها ولا الوحدات الإدارية واللجان والنوادي والجمعيات ذات
الشخصية الاعتبارية من التجار وإن قامت بمعاملات تجارية، إلآ أن معاملاتها
المذكورة تكون خاضعة لأحكام قانون التجارة
تعتبر المؤسسات العامة وشركات القطاع العام والمشترك تاجراً، إذا كان موضوعها
تجارياً أو منحها القانون هذه الصفة",0.9522,5,,,0,paddle,0.9522,"لا ثعدّ الدولة ودوائرها ولا الوحدات الإدارية واللجان والنوادي والجمعيات ذات
الشخصية الاعتبارية من التجار وإن قامت بمعاملات تجارية، إلآ أن معاملاتها
المذكورة تكون خاضعة لأحكام قانون التجارة
تعتبر المؤسسات العامة وشركات القطاع العام والمشترك تاجراً، إذا كان موضوعها
تجارياً أو منحها القانون هذه الصفة",5,./crops\page_0008\page_0008_004_text.png
page_0008_005_paragraph_title,page_0008,8,5,paragraph_title,0.7641247510910034,749,828,895,871,146,43,False,المادة ٤,0.9401,1,,,0,paddle,0.9401,المادة ٤,1,./crops\page_0008\page_0008_005_paragraph_title.png
page_0008_006_text,page_0008,8,6,text,0.8924367427825928,335,890,1312,1005,977,115,False,"إذا اشتغل العاملون في الدولة الممنوعون من الاتجار قانوناً بالمعاملات
التجارية، فتشملهم الأحكام القانونية المتعلّقة بالصلح الواقي والإفلاس",0.9636,2,,,0,paddle,0.9636,"إذا اشتغل العاملون في الدولة الممنوعون من الاتجار قانوناً بالمعاملات
التجارية، فتشملهم الأحكام القانونية المتعلّقة بالصلح الواقي والإفلاس",2,./crops\page_0008\page_0008_006_text.png
page_0008_007_text,page_0008,8,7,text,0.30938446521759033,363,1025,1241,1147,878,122,False,"المادة ٥
تخضع الأهلية التجارية لأحكام القانون المدني وللأحكام الخاصة بالتجار",0.9215,2,,,0,paddle,0.9215,"المادة ٥
تخضع الأهلية التجارية لأحكام القانون المدني وللأحكام الخاصة بالتجار",2,./crops\page_0008\page_0008_007_text.png
page_0008_008_paragraph_title,page_0008,8,8,paragraph_title,0.49097755551338196,717,1190,933,1254,216,64,False,"الثاني
الفصل",0.9683,2,,,0,paddle,0.9683,"الثاني
الفصل",2,./crops\page_0008\page_0008_008_paragraph_title.png
page_0008_009_paragraph_title,page_0008,8,9,paragraph_title,0.5657481551170349,730,1271,923,1327,193,56,False,"التجارة
دفاتر",0.9622,2,,,0,paddle,0.9622,"التجارة
دفاتر",2,./crops\page_0008\page_0008_009_paragraph_title.png
page_0008_010_paragraph_title,page_0008,8,10,paragraph_title,0.5558823943138123,756,1350,903,1395,147,45,False,المادة٦,0.8772,1,,,0,paddle,0.8772,المادة٦,1,./crops\page_0008\page_0008_010_paragraph_title.png
page_0008_011_text,page_0008,8,11,text,0.5998273491859436,533,1409,1312,1469,779,60,False,"التاليين
الإجباريين
ـ على التاجر أن ينظم على الأقل الدفترين",0.924,3,,,0,paddle,0.924,"التاليين
الإجباريين
ـ على التاجر أن ينظم على الأقل الدفترين",3,./crops\page_0008\page_0008_011_text.png
page_0008_012_text,page_0008,8,12,text,0.7070149183273315,341,1468,1277,1718,936,250,False,"أـ دفتر اليومية يقيد فيه يوماً فيوماً جميع الأعمال التي تعود بوجه من الوجوه
إلى مؤسسته التجارية وأن يقيد بالجملة شهراً فشهراً النفقات التي أنفقها على
نفسه وأسرته وإذا كان التاجر يتبع الأسلوب الآلي في محاسبته أو مسك
الدفاتر يومية مساعدة منظمة وفقأحكامالمادتين١و٨منها",0.9377,4,,,0,paddle,0.9377,"أـ دفتر اليومية يقيد فيه يوماً فيوماً جميع الأعمال التي تعود بوجه من الوجوه
إلى مؤسسته التجارية وأن يقيد بالجملة شهراً فشهراً النفقات التي أنفقها على
نفسه وأسرته وإذا كان التاجر يتبع الأسلوب الآلي في محاسبته أو مسك
الدفاتر يومية مساعدة منظمة وفقأحكامالمادتين١و٨منها",4,./crops\page_0008\page_0008_012_text.png
page_0008_013_number,page_0008,8,13,number,0.7560209631919861,816,1753,846,1790,30,37,False,7,0.9147,1,,,0,paddle,0.9147,7,1,./crops\page_0008\page_0008_013_number.png
page_0009_001_text,page_0009,9,1,text,0.3235388994216919,346,234,1323,813,977,579,False,"القانون، فله أن يقيد أعماله فى دفتر اليومية شهراً فشهراً، على أن يحتفظ
بجميع الوثائق التي تتيح التدقيق في الأعمال المذكورة
بـدفتر جرد يتضمن جرداً سنوياًللموجودات والمطاليب العائدة لمؤسسته وأن
يوقف حساباته سنوياً ليضع على أساسها الميزانية وحساب الأرباح والخسائر
وينسخها في دفتر الجرد
وعليه أن يحفظ ويرتب المراسلات التي يتلقاها وصور المراسلات التي
يرسلها
٣يجب تنظيم دفتري اليومية والجرد باللغة العربية ولوزير الإقتصاد والتجارة أن
يعفي من هذا الشرط المؤسسات الأجنبية التي يحددها بقرار منه",0.9584,9,,,0,paddle,0.9584,"القانون، فله أن يقيد أعماله فى دفتر اليومية شهراً فشهراً، على أن يحتفظ
بجميع الوثائق التي تتيح التدقيق في الأعمال المذكورة
بـدفتر جرد يتضمن جرداً سنوياًللموجودات والمطاليب العائدة لمؤسسته وأن
يوقف حساباته سنوياً ليضع على أساسها الميزانية وحساب الأرباح والخسائر
وينسخها في دفتر الجرد
وعليه أن يحفظ ويرتب المراسلات التي يتلقاها وصور المراسلات التي
يرسلها
٣يجب تنظيم دفتري اليومية والجرد باللغة العربية ولوزير الإقتصاد والتجارة أن
يعفي من هذا الشرط المؤسسات الأجنبية التي يحددها بقرار منه",9,./crops\page_0009\page_0009_001_text.png
page_0009_002_paragraph_title,page_0009,9,2,paragraph_title,0.6964437365531921,760,826,909,868,149,42,False,المادة,0.9532,1,,,0,paddle,0.9532,المادة,1,./crops\page_0009\page_0009_002_paragraph_title.png
page_0009_003_text,page_0009,9,3,text,0.6734103560447693,341,886,1325,1004,984,118,False,"يجب أن تتظم الدفاتر التجارية الإجبارية بحسب التاريخوبلا بياض ولا فراغ
ولا نقل إلى الهامش ولا محو ولا تحشية بين السطور",0.9477,2,,,0,paddle,0.9477,"يجب أن تتظم الدفاتر التجارية الإجبارية بحسب التاريخوبلا بياض ولا فراغ
ولا نقل إلى الهامش ولا محو ولا تحشية بين السطور",2,./crops\page_0009\page_0009_003_text.png
page_0009_004_paragraph_title,page_0009,9,4,paragraph_title,0.6417863368988037,759,1025,907,1069,148,44,False,المادة,0.9474,1,,,0,paddle,0.9474,المادة,1,./crops\page_0009\page_0009_004_paragraph_title.png
page_0009_005_text,page_0009,9,5,text,0.5950726866722107,342,1086,1321,1205,979,119,False,"يجب ترقيم الدفاتر المذكورة والتأشير عليها وتوقيعها من رئيس محكمة البداية
المدنية أو من قاضي الصلح في المدن التي لا توجد فيها محكمة بداية",0.9588,2,,,0,paddle,0.9588,"يجب ترقيم الدفاتر المذكورة والتأشير عليها وتوقيعها من رئيس محكمة البداية
المدنية أو من قاضي الصلح في المدن التي لا توجد فيها محكمة بداية",2,./crops\page_0009\page_0009_005_text.png
page_0009_006_paragraph_title,page_0009,9,6,paragraph_title,0.6606019735336304,757,1221,906,1265,149,44,False,المادة٩,0.8674,1,,,0,paddle,0.8674,المادة٩,1,./crops\page_0009\page_0009_006_paragraph_title.png
page_0009_007_text,page_0009,9,7,text,0.3058672845363617,472,1285,1313,1340,841,55,False,يجب على التاجر أن يحفظ الدفاتر بعد اختتامها مدّة عشر سنوات,0.9399,1,,,0,paddle,0.9399,يجب على التاجر أن يحفظ الدفاتر بعد اختتامها مدّة عشر سنوات,1,./crops\page_0009\page_0009_007_text.png
page_0009_008_paragraph_title,page_0009,9,8,paragraph_title,0.45674827694892883,752,1551,902,1595,150,44,True,"٢
المادة",0.6692,2,١0 المادة‎,0.73,1,tesseract,0.73,١0 المادة‎,1,./crops\page_0009\page_0009_008_paragraph_title.png
page_0009_009_text,page_0009,9,9,text,0.48179391026496887,338,1605,1316,1737,978,132,False,"لا ثُسلّم الدفاتر بكاملها إلى القضاء إلآ في أحوال الإرث وقسمة الأموال
المشتركة والشركة والصلح الواقي والإفلاس",0.946,2,,,0,paddle,0.946,"لا ثُسلّم الدفاتر بكاملها إلى القضاء إلآ في أحوال الإرث وقسمة الأموال
المشتركة والشركة والصلح الواقي والإفلاس",2,./crops\page_0009\page_0009_009_text.png
page_0009_010_number,page_0009,9,10,number,0.776057779788971,811,1756,836,1790,25,34,False,0,0.9088,1,,,0,paddle,0.9088,0,1,./crops\page_0009\page_0009_010_number.png
page_0010_001_text,page_0010,10,1,text,0.30737823247909546,327,0,1287,102,960,102,True,,,0,,,0,paddle,,,0,./crops\page_0010\page_0010_001_text.png
page_0010_002_paragraph_title,page_0010,10,2,paragraph_title,0.7342394590377808,743,241,890,287,147,46,True,المادة٢١,0.8438,1,المادة ١‏ ؟,0.9167,1,tesseract,0.9167,المادة ١‏ ؟,1,./crops\page_0010\page_0010_002_paragraph_title.png
page_0010_003_text,page_0010,10,3,text,0.7435587048530579,332,303,1302,483,970,180,False,"فيما عدا الأحوال المذكورة في المادة السابقة يمكن علىالدوام عرض الدفاتر
التجارية أو المطالبة بإبرازها لاستخلاص ما يتعلّق منها بالنزاع
وللقاضى أن يأمر من تلقاء نفسه الدفاتر المذكورة للغاية ذاتها",0.9546,3,,,0,paddle,0.9546,"فيما عدا الأحوال المذكورة في المادة السابقة يمكن علىالدوام عرض الدفاتر
التجارية أو المطالبة بإبرازها لاستخلاص ما يتعلّق منها بالنزاع
وللقاضى أن يأمر من تلقاء نفسه الدفاتر المذكورة للغاية ذاتها",3,./crops\page_0010\page_0010_003_text.png
page_0010_004_paragraph_title,page_0010,10,4,paragraph_title,0.7950047850608826,744,504,893,548,149,44,False,المادة ٢٢,0.9169,1,,,0,paddle,0.9169,المادة ٢٢,1,./crops\page_0010\page_0010_004_paragraph_title.png
page_0010_005_text,page_0010,10,5,text,0.9091498851776123,334,567,1306,679,972,112,False,"التنفيذية التي تصدر
يمكن للتجار مسك حساباتهم إلكترونياً وفقاً للتعليمات
عن وزارة الاقتصاد والتجارة",0.9446,3,,,0,paddle,0.9446,"التنفيذية التي تصدر
يمكن للتجار مسك حساباتهم إلكترونياً وفقاً للتعليمات
عن وزارة الاقتصاد والتجارة",3,./crops\page_0010\page_0010_005_text.png
page_0010_006_text,page_0010,10,6,text,0.3848838210105896,703,709,929,773,226,64,False,الفصل الثالث,0.9706,1,,,0,paddle,0.9706,الفصل الثالث,1,./crops\page_0010\page_0010_006_text.png
page_0010_007_paragraph_title,page_0010,10,7,paragraph_title,0.45950281620025635,718,790,918,846,200,56,False,"التجارة
سجل",0.9834,2,,,0,paddle,0.9834,"التجارة
سجل",2,./crops\page_0010\page_0010_007_paragraph_title.png
page_0010_008_paragraph_title,page_0010,10,8,paragraph_title,0.670905590057373,746,867,896,914,150,47,False,المادة ٢٣,0.9114,1,,,0,paddle,0.9114,المادة ٢٣,1,./crops\page_0010\page_0010_008_paragraph_title.png
page_0010_009_text,page_0010,10,9,text,0.3064038157463074,335,928,1307,1173,972,245,False,"سجل التجارة يمكن الجمهور من الحصول على المعلومات الوافية عن كل
المؤسسات التجارية التي تعمل في سورية
وهو أيضاً أداة للشهر يقصد بها جعل من درجاته نافذة فيحق الغير عند وجود
نص قانوني صريح بهذا المعنى",0.952,4,,,0,paddle,0.952,"سجل التجارة يمكن الجمهور من الحصول على المعلومات الوافية عن كل
المؤسسات التجارية التي تعمل في سورية
وهو أيضاً أداة للشهر يقصد بها جعل من درجاته نافذة فيحق الغير عند وجود
نص قانوني صريح بهذا المعنى",4,./crops\page_0010\page_0010_009_text.png
page_0010_010_paragraph_title,page_0010,10,10,paragraph_title,0.7776631712913513,750,1181,899,1226,149,45,False,المادة ٢٤,0.9256,1,,,0,paddle,0.9256,المادة ٢٤,1,./crops\page_0010\page_0010_010_paragraph_title.png
page_0010_011_text,page_0010,10,11,text,0.7917762994766235,337,1244,1307,1363,970,119,False,"١ينظم لدى وزارة الاقتصاد والتجارة سجل خاص بفروع المؤسسات التجارية
والشركات التي يوجد مركزها خارج سورية",0.9346,2,,,0,paddle,0.9346,"١ينظم لدى وزارة الاقتصاد والتجارة سجل خاص بفروع المؤسسات التجارية
والشركات التي يوجد مركزها خارج سورية",2,./crops\page_0010\page_0010_011_text.png
page_0010_012_text,page_0010,10,12,text,0.8588201999664307,340,1368,1308,1541,968,173,False,"ينظم لدى وزارة الاقتصاد والتجارة فى كل محافظة سجل لتسجيل أسماء التجار
والشركات التجارية والشركات المدنية وباقي المؤسسات التجارية يُطّلق عليها
سجل التجارة",0.9514,3,,,0,paddle,0.9514,"ينظم لدى وزارة الاقتصاد والتجارة فى كل محافظة سجل لتسجيل أسماء التجار
والشركات التجارية والشركات المدنية وباقي المؤسسات التجارية يُطّلق عليها
سجل التجارة",3,./crops\page_0010\page_0010_012_text.png
page_0010_013_text,page_0010,10,13,text,0.8394680619239807,342,1551,1311,1729,969,178,False,"٣ـيتولى مسك السجل موظف يُطّلق عليه أمين سجل التجارة وعليه أن يباشر
وظيفته أن يحلف اليمين أمام محكمة البداية المدنية، على أن يقوم بوظيفته
بشرف وأمانة",0.9563,3,,,0,paddle,0.9563,"٣ـيتولى مسك السجل موظف يُطّلق عليه أمين سجل التجارة وعليه أن يباشر
وظيفته أن يحلف اليمين أمام محكمة البداية المدنية، على أن يقوم بوظيفته
بشرف وأمانة",3,./crops\page_0010\page_0010_013_text.png
page_0010_014_number,page_0010,10,14,number,0.7879440188407898,805,1757,850,1791,45,34,True,,,0,٠١,0.55,1,tesseract,0.55,٠١,1,./crops\page_0010\page_0010_014_number.png
page_0011_001_text,page_0011,11,1,text,0.912165105342865,363,211,1339,339,976,128,False,"تسجل أسماء التجار الذي تكون متاجرهم الرئيسية في سورية، مهما كانت
جنسيتهم",0.9624,2,,,0,paddle,0.9624,"تسجل أسماء التجار الذي تكون متاجرهم الرئيسية في سورية، مهما كانت
جنسيتهم",2,./crops\page_0011\page_0011_001_text.png
page_0011_002_text,page_0011,11,2,text,0.5977453589439392,338,350,1327,1719,989,1369,False,"المادة ٢٥
١يجب على كل تاجر أن يطلب من أمين سجل التجارة في المحافظة التي يوجد
فيها مركزه الرئيسي أن يسجل اسمه في سجل التجارة في خلال شهر واحد من
تاريخ فتح المحل أو شرائه
ـ على التاجر أن يقدم تصريحاً في نسختين موقعتين منه يذكر فيه ما يلي
أ- اسمه ونسبته
باسمه التجاري إذا اختلف عن اسمه وعنوانه التجاري
جتاريخ ولادته ومحلها وموطنه
دـ جنسيته الأصلية، وإذا كان قد حصل على جنسية أخرى، فيبين طريقة
حصوله عليها مع ذكر التاريخ
هوإذا كان الأمر يختص بامرأة متزوجة تابعة لجنسية أجنبية يقضي قانون
الأحوال الشخصية الذي تخضع له بألا تتعاطى التجارة إلآ بترخيص صريح
من زوجها، فيذكر الترخيص المعطى لها وفاقاً للقانون المشار إليه
والنظام المالى للزوجين إذا اختلف عن أحكام القانون السوري والاتفاقية
المعقودة بينهما وذلك في حال وجودها
ز موضوع التجارة
حالمتاجر التي يستثمرها التاجر أو التي سبق له استثمارها في سورية ومكانها
ط شعائر المتجر إن وجد
يأسماء المفوضين بالنيابة عنهم ونسبتهم وتاريخ ولادتهم ومحلها
وجنسيتهم
٣ـينقل أمين السجل محتوى التصريح إلى سجل التجارة ويُسلّم التاجر إحدى نسختي
التصريح بعد أن يصادق في آخرها على أنها مطابقة للأصل",0.9504,22,,,0,paddle,0.9504,"المادة ٢٥
١يجب على كل تاجر أن يطلب من أمين سجل التجارة في المحافظة التي يوجد
فيها مركزه الرئيسي أن يسجل اسمه في سجل التجارة في خلال شهر واحد من
تاريخ فتح المحل أو شرائه
ـ على التاجر أن يقدم تصريحاً في نسختين موقعتين منه يذكر فيه ما يلي
أ- اسمه ونسبته
باسمه التجاري إذا اختلف عن اسمه وعنوانه التجاري
جتاريخ ولادته ومحلها وموطنه
دـ جنسيته الأصلية، وإذا كان قد حصل على جنسية أخرى، فيبين طريقة
حصوله عليها مع ذكر التاريخ
هوإذا كان الأمر يختص بامرأة متزوجة تابعة لجنسية أجنبية يقضي قانون
الأحوال الشخصية الذي تخضع له بألا تتعاطى التجارة إلآ بترخيص صريح
من زوجها، فيذكر الترخيص المعطى لها وفاقاً للقانون المشار إليه
والنظام المالى للزوجين إذا اختلف عن أحكام القانون السوري والاتفاقية
المعقودة بينهما وذلك في حال وجودها
ز موضوع التجارة
حالمتاجر التي يستثمرها التاجر أو التي سبق له استثمارها في سورية ومكانها
ط شعائر المتجر إن وجد
يأسماء المفوضين بالنيابة عنهم ونسبتهم وتاريخ ولادتهم ومحلها
وجنسيتهم
٣ـينقل أمين السجل محتوى التصريح إلى سجل التجارة ويُسلّم التاجر إحدى نسختي
التصريح بعد أن يصادق في آخرها على أنها مطابقة للأصل",22,./crops\page_0011\page_0011_002_text.png
page_0011_003_number,page_0011,11,3,number,0.8093596696853638,792,1732,838,1767,46,35,True,,,0,١١,0.53,1,tesseract,0.53,١١,1,./crops\page_0011\page_0011_003_number.png
page_0012_001_paragraph_title,page_0012,12,1,paragraph_title,0.40353965759277344,729,215,878,260,149,45,False,المادة ٢٦,0.8859,1,,,0,paddle,0.8859,المادة ٢٦,1,./crops\page_0012\page_0012_001_paragraph_title.png
page_0012_002_paragraph_title,page_0012,12,2,paragraph_title,0.4352579414844513,749,1155,900,1201,151,46,False,المادة٧,0.9286,1,,,0,paddle,0.9286,المادة٧,1,./crops\page_0012\page_0012_002_paragraph_title.png
page_0012_003_reference_content,page_0012,12,3,reference_content,0.4031771123409271,337,1214,1307,1454,970,240,False,"١إن الشركات التي يكون مركزها الرئيسي في سورية مهما كانت جنسيتها، يجب
تسجيلها في سجل التجارة المختص بمنطقة مركزها الرئيسي، ويجب على
مديريها وأعضاء مجلس إدارتها أن يطلبوا التسجيل في خلال الشهر الذي يلي
تأسيسها",0.968,4,,,0,paddle,0.968,"١إن الشركات التي يكون مركزها الرئيسي في سورية مهما كانت جنسيتها، يجب
تسجيلها في سجل التجارة المختص بمنطقة مركزها الرئيسي، ويجب على
مديريها وأعضاء مجلس إدارتها أن يطلبوا التسجيل في خلال الشهر الذي يلي
تأسيسها",4,./crops\page_0012\page_0012_003_reference_content.png
page_0012_004_reference_content,page_0012,12,4,reference_content,0.4428160488605499,344,1458,1314,1701,970,243,False,"٢ـويقدم طالبو التسجيل إلى أمين سجل التجارة صورة مصدّقة عن صك تأسيس
الشركة أو نظامها الأساسى وخلاصة لهذا الصك أو النظام مُعدّة للشهر ومنظمة
على نسختين ومشتملة على الطوابع وعلى تواقيع طالبيالتسجيل ومتضمنه
بوجه خاص البيانات الآتية",0.934,4,,,0,paddle,0.934,"٢ـويقدم طالبو التسجيل إلى أمين سجل التجارة صورة مصدّقة عن صك تأسيس
الشركة أو نظامها الأساسى وخلاصة لهذا الصك أو النظام مُعدّة للشهر ومنظمة
على نسختين ومشتملة على الطوابع وعلى تواقيع طالبيالتسجيل ومتضمنه
بوجه خاص البيانات الآتية",4,./crops\page_0012\page_0012_004_reference_content.png
page_0012_005_number,page_0012,12,5,number,0.7906366586685181,812,1723,860,1759,48,36,True,١,0.7128,1,",""",0.39,1,paddle,0.7128,١,1,./crops\page_0012\page_0012_005_number.png
page_0013_001_paragraph_title,page_0013,13,1,paragraph_title,0.3977346122264862,780,890,929,934,149,44,False,المادة٢٨,0.9438,1,,,0,paddle,0.9438,المادة٢٨,1,./crops\page_0013\page_0013_001_paragraph_title.png
page_0013_002_text,page_0013,13,2,text,0.27485692501068115,364,1135,1336,1318,972,183,False,"٢الاسم والنسبة وتاريخ الولادة ومحلها والجنسية لكل من مديري الشركة وأعضاء
مجلس إدارتها ومديريها المعينين لمدّة وجودها أما طلب التسجيل فيقدمه المديرون
وأعضاء مجلس الإدارة القائمون بوظائفهم في وقت وجوب التسجيل",0.9585,3,,,0,paddle,0.9585,"٢الاسم والنسبة وتاريخ الولادة ومحلها والجنسية لكل من مديري الشركة وأعضاء
مجلس إدارتها ومديريها المعينين لمدّة وجودها أما طلب التسجيل فيقدمه المديرون
وأعضاء مجلس الإدارة القائمون بوظائفهم في وقت وجوب التسجيل",3,./crops\page_0013\page_0013_002_text.png
page_0013_003_text,page_0013,13,3,text,0.3486230969429016,358,1575,1341,1762,983,187,False,"الشركات التجارية المؤسسة خارج الأراضي السورية ولها فروع أو وكالات في
سورية وكذلك التجار الذين لهم مركز رئيسي في الخارج وفروع أو وكالات في سورية
مهما كانت جنسيتهم",0.9606,3,,,0,paddle,0.9606,"الشركات التجارية المؤسسة خارج الأراضي السورية ولها فروع أو وكالات في
سورية وكذلك التجار الذين لهم مركز رئيسي في الخارج وفروع أو وكالات في سورية
مهما كانت جنسيتهم",3,./crops\page_0013\page_0013_003_text.png
page_0013_004_number,page_0013,13,4,number,0.7840940356254578,822,1773,873,1807,51,34,False,١٣,0.8605,1,,,0,paddle,0.8605,١٣,1,./crops\page_0013\page_0013_004_number.png
page_0014_001_paragraph_title,page_0014,14,1,paragraph_title,0.6444593667984009,733,258,879,302,146,44,False,المادة ٢٩,0.8821,1,,,0,paddle,0.8821,المادة ٢٩,1,./crops\page_0014\page_0014_001_paragraph_title.png
page_0014_002_text,page_0014,14,2,text,0.9286908507347107,318,329,1297,444,979,115,False,"يخضع تسجيل مثل تلك الفروع أو الوكالات لأحكام القانون الخاص بتسجيلها
في سورية",0.9735,2,,,0,paddle,0.9735,"يخضع تسجيل مثل تلك الفروع أو الوكالات لأحكام القانون الخاص بتسجيلها
في سورية",2,./crops\page_0014\page_0014_002_text.png
page_0014_003_paragraph_title,page_0014,14,3,paragraph_title,0.6964360475540161,674,453,940,530,266,77,False,الشركات المدنية,0.9253,1,,,0,paddle,0.9253,الشركات المدنية,1,./crops\page_0014\page_0014_003_paragraph_title.png
page_0014_004_paragraph_title,page_0014,14,4,paragraph_title,0.629942774772644,731,558,883,603,152,45,False,"٣
المادة",0.9543,2,,,0,paddle,0.9543,"٣
المادة",2,./crops\page_0014\page_0014_004_paragraph_title.png
page_0014_005_text,page_0014,14,5,text,0.8475376963615417,299,619,1288,855,989,236,False,"١يحدث في أمانة سجل التجارة سجل خاص بالشركات المدنية التي يقع
مركزها الرئيسي في المحافظة تسجل فيه الشركات وفق أحكام المادتين ٢٧
٨ من هذا القانون باستثناء ما يتوقف العمل به على الصفة التجارية
للشركة",0.9549,4,,,0,paddle,0.9549,"١يحدث في أمانة سجل التجارة سجل خاص بالشركات المدنية التي يقع
مركزها الرئيسي في المحافظة تسجل فيه الشركات وفق أحكام المادتين ٢٧
٨ من هذا القانون باستثناء ما يتوقف العمل به على الصفة التجارية
للشركة",4,./crops\page_0014\page_0014_005_text.png
page_0014_006_text,page_0014,14,6,text,0.8133718371391296,319,867,1293,1044,974,177,True,"  ه ل   ة   ي  لو  ي  ا يم     ي  
 عم ييل   ل ٥ةي  ل  لل   ي لا  ي ل ل٥  O ل  ي  لويل لا يي
ي ا ييإ ي    ي",0.4684,3,"""-تسجل الشركات المدنية التي يقع مركزها خارج سورية أو لها فرع أو وكالة في
سجل خاص تابع لسجل الفروع والوكالات العائدة للمؤسسات أو الشركات القائمة
خارج سورية وذلك وفق القانون الخاص بها.",0.9171,3,tesseract,0.9171,"""-تسجل الشركات المدنية التي يقع مركزها خارج سورية أو لها فرع أو وكالة في
سجل خاص تابع لسجل الفروع والوكالات العائدة للمؤسسات أو الشركات القائمة
خارج سورية وذلك وفق القانون الخاص بها.",3,./crops\page_0014\page_0014_006_text.png
page_0014_007_text,page_0014,14,7,text,0.8278283476829529,322,1052,1296,1232,974,180,False,"٣ـ على الشركات المذكورة فى الفقرتين السابقتين تسجيل نفسها في السجل المذكور
وإيداع صك تأسيسها ونظامها الأساسي ديوان محكمة البداية في مركزها إذا
أرادت الاحتجاج بشخصيتها الاعتبارية حيال الغير",0.9448,3,,,0,paddle,0.9448,"٣ـ على الشركات المذكورة فى الفقرتين السابقتين تسجيل نفسها في السجل المذكور
وإيداع صك تأسيسها ونظامها الأساسي ديوان محكمة البداية في مركزها إذا
أرادت الاحتجاج بشخصيتها الاعتبارية حيال الغير",3,./crops\page_0014\page_0014_007_text.png
page_0014_008_paragraph_title,page_0014,14,8,paragraph_title,0.7521674633026123,738,1252,887,1294,149,42,False,المادة٣١,0.9011,1,,,0,paddle,0.9011,المادة٣١,1,./crops\page_0014\page_0014_008_paragraph_title.png
page_0014_009_text,page_0014,14,9,text,0.8150429725646973,325,1311,1296,1428,971,117,True,"١إذا توفى تاجر أو انقطع عن تعاطى تجارته أو إذا انحلّت إحدى الشركات وجب
&
شطب التسجيل المختص بهما في سجل التجارة",0.7379,3,"-١‏ إذا توفي تاجر أو انقطع عن تعاطي تجارته أو إذا انحلّت إحدى الشركات وجب
شطب التسجيل المختص بهما فى سجل التجارة .",0.8715,2,tesseract,0.8715,"-١‏ إذا توفي تاجر أو انقطع عن تعاطي تجارته أو إذا انحلّت إحدى الشركات وجب
شطب التسجيل المختص بهما فى سجل التجارة .",2,./crops\page_0014\page_0014_009_text.png
page_0014_010_text,page_0014,14,10,text,0.6487205624580383,439,1437,1298,1492,859,55,False,٢ويجري هذا الشطب مباشرة بمقتضى قرار يصدره أمين سجل التجارة,0.9681,1,,,0,paddle,0.9681,٢ويجري هذا الشطب مباشرة بمقتضى قرار يصدره أمين سجل التجارة,1,./crops\page_0014\page_0014_010_text.png
page_0014_011_paragraph_title,page_0014,14,11,paragraph_title,0.6895809769630432,740,1513,890,1557,150,44,False,المادة ٣٢,0.9193,1,,,0,paddle,0.9193,المادة ٣٢,1,./crops\page_0014\page_0014_011_paragraph_title.png
page_0014_012_text,page_0014,14,12,text,0.8692923188209534,327,1573,1298,1751,971,178,False,"ـكل قيد فى سجل التجارة لم يحدد له ميعاد في المواد السابقة يجب طلب إجرائه
في خلال شهر يبتدى من تاريخ الوثيقة أو العمل الذي يراد قيده
أما الأحكام والقرارات فيبتديئ ميعادها من يوم صدورها",0.96,3,,,0,paddle,0.96,"ـكل قيد فى سجل التجارة لم يحدد له ميعاد في المواد السابقة يجب طلب إجرائه
في خلال شهر يبتدى من تاريخ الوثيقة أو العمل الذي يراد قيده
أما الأحكام والقرارات فيبتديئ ميعادها من يوم صدورها",3,./crops\page_0014\page_0014_012_text.png
page_0014_013_number,page_0014,14,13,number,0.8153689503669739,792,1768,839,1804,47,36,False,3,0.875,1,,,0,paddle,0.875,3,1,./crops\page_0014\page_0014_013_number.png
page_0015_001_header,page_0015,15,1,header,0.2544642984867096,378,27,414,101,36,74,True,,,0,,,0,paddle,,,0,./crops\page_0015\page_0015_001_header.png
page_0015_002_paragraph_title,page_0015,15,2,paragraph_title,0.8035228252410889,766,234,916,279,150,45,False,المادة ٣٣,0.9451,1,,,0,paddle,0.9451,المادة ٣٣,1,./crops\page_0015\page_0015_002_paragraph_title.png
page_0015_003_text,page_0015,15,3,text,0.8616715669631958,352,283,1329,417,977,134,False,"إن جميع التسجيلات والقيود في سجل التجارة تجري بعد تصريح يقدم وفاقاً
للصيغ التي نص عليها",0.9591,2,,,0,paddle,0.9591,"إن جميع التسجيلات والقيود في سجل التجارة تجري بعد تصريح يقدم وفاقاً
للصيغ التي نص عليها",2,./crops\page_0015\page_0015_003_text.png
page_0015_004_paragraph_title,page_0015,15,4,paragraph_title,0.7917926907539368,761,414,912,457,151,43,False,المادة ٣٤,0.9621,1,,,0,paddle,0.9621,المادة ٣٤,1,./crops\page_0015\page_0015_004_paragraph_title.png
page_0015_005_text,page_0015,15,5,text,0.8788582682609558,346,468,1324,665,978,197,False,"على أمين سجل التجارة أن يرفض إجراء القيود المطلوبة إذا تبين له أن
التصريحات المقدمة لا تشتمل على كل البيانات المنصوص عليها أو كانت تتعارض
مع الوثائق الثبوتية المرفقة بها أو مع أحكام القانون",0.9615,3,,,0,paddle,0.9615,"على أمين سجل التجارة أن يرفض إجراء القيود المطلوبة إذا تبين له أن
التصريحات المقدمة لا تشتمل على كل البيانات المنصوص عليها أو كانت تتعارض
مع الوثائق الثبوتية المرفقة بها أو مع أحكام القانون",3,./crops\page_0015\page_0015_005_text.png
page_0015_006_paragraph_title,page_0015,15,6,paragraph_title,0.7832690477371216,756,675,907,719,151,44,False,المادة ٣٥,0.941,1,,,0,paddle,0.941,المادة ٣٥,1,./crops\page_0015\page_0015_006_paragraph_title.png
page_0015_007_text,page_0015,15,7,text,0.6766971945762634,343,728,1315,963,972,235,False,"١يجوز لكل شخص أن يطلب إعطاءه نسخة عن القيود المدرجة في السجل مقابل
رسم يحدد من الوزير المختص
ولأمين السجل عند الاقتضاء أن يعطى شهادة بعدم وجود قيوده
٣ويصدّق أمين السجل مطابقة النسخ للأصل",0.942,4,,,0,paddle,0.942,"١يجوز لكل شخص أن يطلب إعطاءه نسخة عن القيود المدرجة في السجل مقابل
رسم يحدد من الوزير المختص
ولأمين السجل عند الاقتضاء أن يعطى شهادة بعدم وجود قيوده
٣ويصدّق أمين السجل مطابقة النسخ للأصل",4,./crops\page_0015\page_0015_007_text.png
page_0015_008_paragraph_title,page_0015,15,8,paragraph_title,0.7808124423027039,750,978,901,1020,151,42,False,المادة ٣٦,0.8765,1,,,0,paddle,0.8765,المادة ٣٦,1,./crops\page_0015\page_0015_008_paragraph_title.png
page_0015_009_text,page_0015,15,9,text,0.5844007730484009,330,1039,1308,1285,978,246,False,"لا يجوز أن يذكر في النسخ التي يسلمها أمين السجل
الأحكام المعلنة للإفلاس إذا كان المفلس قد استرد اعتباره
 الأحكام القاضية بالحجر أو تعيين مساعد قضائى إذا كان قد صدر القرار برفع
الحجر أو المساعدة القضائية",0.9502,4,,,0,paddle,0.9502,"لا يجوز أن يذكر في النسخ التي يسلمها أمين السجل
الأحكام المعلنة للإفلاس إذا كان المفلس قد استرد اعتباره
 الأحكام القاضية بالحجر أو تعيين مساعد قضائى إذا كان قد صدر القرار برفع
الحجر أو المساعدة القضائية",4,./crops\page_0015\page_0015_009_text.png
page_0015_010_paragraph_title,page_0015,15,10,paragraph_title,0.713429868221283,736,1290,894,1336,158,46,False,المادة٣٧,0.9568,1,,,0,paddle,0.9568,المادة٣٧,1,./crops\page_0015\page_0015_010_paragraph_title.png
page_0015_011_text,page_0015,15,11,text,0.8783446550369263,329,1348,1307,1538,978,190,False,"كل تاجر وكل شركة ملزمين بالتسجيل يجب عليهما أن يذكرا المكان الذي
سجلا فيه ورقم هذا التسجيل فى مراسلاتهما وفواتيرهما ومذكرات التسليم والتعريفات
والمنشورات وسائر الأوراق الصادرة عنهما",0.9595,3,,,0,paddle,0.9595,"كل تاجر وكل شركة ملزمين بالتسجيل يجب عليهما أن يذكرا المكان الذي
سجلا فيه ورقم هذا التسجيل فى مراسلاتهما وفواتيرهما ومذكرات التسليم والتعريفات
والمنشورات وسائر الأوراق الصادرة عنهما",3,./crops\page_0015\page_0015_011_text.png
page_0015_012_paragraph_title,page_0015,15,12,paragraph_title,0.7830072641372681,738,1551,887,1595,149,44,False,المادة٣٨,0.9269,1,,,0,paddle,0.9269,المادة٣٨,1,./crops\page_0015\page_0015_012_paragraph_title.png
page_0015_013_text,page_0015,15,13,text,0.7685456275939941,324,1613,1295,1736,971,123,False,"١ـكل تاجر وكل شخص يكلّف بإدارة شركة لا يطلب فيالمراعيد المنصوص
عليها إجراء القيود الإجبارية أو لا يذكر ما يجب ذكره على المراسلات أو الفواتير",0.935,2,,,0,paddle,0.935,"١ـكل تاجر وكل شخص يكلّف بإدارة شركة لا يطلب فيالمراعيد المنصوص
عليها إجراء القيود الإجبارية أو لا يذكر ما يجب ذكره على المراسلات أو الفواتير",2,./crops\page_0015\page_0015_013_text.png
page_0015_014_number,page_0015,15,14,number,0.7918795347213745,785,1746,833,1780,48,34,True,,,0,را,0.34,1,tesseract,0.34,را,1,./crops\page_0015\page_0015_014_number.png
page_0016_001_text,page_0016,16,1,text,0.4718838930130005,334,219,1311,656,977,437,False,"وغيرها من الأوراق الصادرة عن محله يعاقب بغرامة تتراوح بين ٠٠٠
عشرة آلاف و٥٠٠ وخمسين ألف ليرة سورية
٢ـتحكم بهذه الغرامة محكمة البداية المدنية بناَ على طلب أمين سجل التجارة أو
النيابة العامة بعد سماع أقوال صاحب الشأن أو دعوته بحسب الأصول
٣ـواذا لم يجر المحكوم عليه أثناء القيد فى أثناء هذا الميعاديحكم بغرامة جديدة
٤ أما أمناء السجل الذين لا يعملون بمقتضى هذه الأحكام فيخضعون للعقوبات
المسلكية المنصوص عليها فى القانون الأساسى للعاملين في الدولة",0.9389,7,,,0,paddle,0.9389,"وغيرها من الأوراق الصادرة عن محله يعاقب بغرامة تتراوح بين ٠٠٠
عشرة آلاف و٥٠٠ وخمسين ألف ليرة سورية
٢ـتحكم بهذه الغرامة محكمة البداية المدنية بناَ على طلب أمين سجل التجارة أو
النيابة العامة بعد سماع أقوال صاحب الشأن أو دعوته بحسب الأصول
٣ـواذا لم يجر المحكوم عليه أثناء القيد فى أثناء هذا الميعاديحكم بغرامة جديدة
٤ أما أمناء السجل الذين لا يعملون بمقتضى هذه الأحكام فيخضعون للعقوبات
المسلكية المنصوص عليها فى القانون الأساسى للعاملين في الدولة",7,./crops\page_0016\page_0016_001_text.png
page_0016_002_paragraph_title,page_0016,16,2,paragraph_title,0.5910782217979431,754,669,906,714,152,45,False,المادة ٣٩,0.9422,1,,,0,paddle,0.9422,المادة ٣٩,1,./crops\page_0016\page_0016_002_paragraph_title.png
page_0016_003_text,page_0016,16,3,text,0.28596702218055725,347,725,1323,1466,976,741,False,"١ـكل بيان غير صحيح يقدم عن سوء نية للتسجيل أو للقيد فى سجل التجارة
يعاقب مقدمه بغرامة تتراوح بين٠٠ ألف و٥٠٠خمسة آلاف ليرة
سورية وبالحبس من شهر واحد إلى ستة أشهر، أو بإحدى هاتين العقوبتين
ولا يحول ذلك دون العقوبات التى يمكن الحكم بها وفاقاًللقوانين الخاصة ولقانون
العقوبات من أجل الجرائم الناشئة عن البيان غير الصحيح
٣وللمحكمة الجزائية التى تصدر الحكم أن تأمر بتصحيح البيان المشار إليه على
الوجه الذي تعينه
المادة٤
البيانات المسجلة سواء أكانت اختيارية أم إجبارية، تعتبر نافذة في حق الغير
اعتباراً من تاريخ تسجيلها
٢ولا يحول تطبيق العقوبات المقدمة دون نفاذ القاعدة المنصوص عليها بالفقرة
السابقة",0.9459,12,,,0,paddle,0.9459,"١ـكل بيان غير صحيح يقدم عن سوء نية للتسجيل أو للقيد فى سجل التجارة
يعاقب مقدمه بغرامة تتراوح بين٠٠ ألف و٥٠٠خمسة آلاف ليرة
سورية وبالحبس من شهر واحد إلى ستة أشهر، أو بإحدى هاتين العقوبتين
ولا يحول ذلك دون العقوبات التى يمكن الحكم بها وفاقاًللقوانين الخاصة ولقانون
العقوبات من أجل الجرائم الناشئة عن البيان غير الصحيح
٣وللمحكمة الجزائية التى تصدر الحكم أن تأمر بتصحيح البيان المشار إليه على
الوجه الذي تعينه
المادة٤
البيانات المسجلة سواء أكانت اختيارية أم إجبارية، تعتبر نافذة في حق الغير
اعتباراً من تاريخ تسجيلها
٢ولا يحول تطبيق العقوبات المقدمة دون نفاذ القاعدة المنصوص عليها بالفقرة
السابقة",12,./crops\page_0016\page_0016_003_text.png
page_0016_004_paragraph_title,page_0016,16,4,paragraph_title,0.689178466796875,774,1478,922,1522,148,44,False,المادة ٤١,0.8851,1,,,0,paddle,0.8851,المادة ٤١,1,./crops\page_0016\page_0016_004_paragraph_title.png
page_0016_005_text,page_0016,16,5,text,0.8223238587379456,359,1535,1341,1721,982,186,False,"كل شخص طبيعي أو اعتباري يدعي بصفته التجارية أمام المحاكم أو يراجع
لمصلحته بالصفة ذاتها الدوائر الإدارية أو المؤسسات العامة، لا يسمح ادعاؤه ولا
تقبل مراجعته ما لم يكن مسجلاً فى سجل التجارة",0.9508,3,,,0,paddle,0.9508,"كل شخص طبيعي أو اعتباري يدعي بصفته التجارية أمام المحاكم أو يراجع
لمصلحته بالصفة ذاتها الدوائر الإدارية أو المؤسسات العامة، لا يسمح ادعاؤه ولا
تقبل مراجعته ما لم يكن مسجلاً فى سجل التجارة",3,./crops\page_0016\page_0016_005_text.png
page_0016_006_number,page_0016,16,6,number,0.7888772487640381,827,1740,874,1775,47,35,True,١٧,0.603,1,"""١",0.33,1,paddle,0.603,١٧,1,./crops\page_0016\page_0016_006_number.png
page_0017_001_paragraph_title,page_0017,17,1,paragraph_title,0.7034907341003418,788,246,935,289,147,43,False,المادة ٤٢,0.8539,1,,,0,paddle,0.8539,المادة ٤٢,1,./crops\page_0017\page_0017_001_paragraph_title.png
page_0017_002_text,page_0017,17,2,text,0.8998294472694397,370,318,1343,495,973,177,False,"تفصل محكمة البداية المدنية في المحافظة التي يوجد فيها سجل التجارة، في
كل خلاف يقع بين أمين سجل التجارة وأصحاب العلاقة، بقرار يتخذ في غرفة
المذاكرة، وعليها إصدار قرارها خلال شهر من تاريخ الادعاء",0.9599,3,,,0,paddle,0.9599,"تفصل محكمة البداية المدنية في المحافظة التي يوجد فيها سجل التجارة، في
كل خلاف يقع بين أمين سجل التجارة وأصحاب العلاقة، بقرار يتخذ في غرفة
المذاكرة، وعليها إصدار قرارها خلال شهر من تاريخ الادعاء",3,./crops\page_0017\page_0017_002_text.png
page_0017_003_text,page_0017,17,3,text,0.8910887837409973,370,500,1344,664,974,164,False,"يخضع قرار محكمة البداية المدنية للطعن بطريق الاستئناف وعلى محكمة
الاستئناف أن تفصل فيه بصورة نهائية وبقرار غير قابل للطعن يصدر خلال
ثلاثة أشهر من تاريخ تقديم الطعن",0.9692,3,,,0,paddle,0.9692,"يخضع قرار محكمة البداية المدنية للطعن بطريق الاستئناف وعلى محكمة
الاستئناف أن تفصل فيه بصورة نهائية وبقرار غير قابل للطعن يصدر خلال
ثلاثة أشهر من تاريخ تقديم الطعن",3,./crops\page_0017\page_0017_003_text.png
page_0017_004_text,page_0017,17,4,text,0.2562367618083954,795,836,922,899,127,63,False,المتجر,0.9988,1,,,0,paddle,0.9988,المتجر,1,./crops\page_0017\page_0017_004_text.png
page_0017_005_figure_title,page_0017,17,5,figure_title,0.3081570565700531,790,1064,927,1106,137,42,True,ا ة,0.551,1,المادة 7,0.745,1,tesseract,0.745,المادة 7,1,./crops\page_0017\page_0017_005_figure_title.png
page_0017_006_text,page_0017,17,6,text,0.8025380969047546,368,1131,1342,1495,974,364,False," المتجر مجموعة عناصر مادية وغير مادية تهدف إلى ممارسة مهنة تجارية
يشتمل المتجر مبدئياً على الاسم التجاري والعنوان التجاري والشعار وحق
الاتصال بالزبائن وحق الاستئجار المنصوص عليه في قوانين الإيجار الخاصة
وتعديلاتها، والتجهيزات والعدّد الصناعية والأثاث والبراءات والإجازات والرسوم
والنماذج، ما لم يستثن بعض هذه العناصر من محتويات المتجر بالنص على
ذلك فى سجل المتجر أو فى العقود الواردة عليه",0.9473,6,,,0,paddle,0.9473," المتجر مجموعة عناصر مادية وغير مادية تهدف إلى ممارسة مهنة تجارية
يشتمل المتجر مبدئياً على الاسم التجاري والعنوان التجاري والشعار وحق
الاتصال بالزبائن وحق الاستئجار المنصوص عليه في قوانين الإيجار الخاصة
وتعديلاتها، والتجهيزات والعدّد الصناعية والأثاث والبراءات والإجازات والرسوم
والنماذج، ما لم يستثن بعض هذه العناصر من محتويات المتجر بالنص على
ذلك فى سجل المتجر أو فى العقود الواردة عليه",6,./crops\page_0017\page_0017_006_text.png
page_0017_007_figure_title,page_0017,17,7,figure_title,0.5693135261535645,783,1506,932,1549,149,43,True,اا ةة,0.4732,1,المادة 4 6,0.63,1,tesseract,0.63,المادة 4 6,1,./crops\page_0017\page_0017_007_figure_title.png
page_0017_008_text,page_0017,17,8,text,0.779769778251648,369,1567,1341,1729,972,162,False,"إن حقوق صاحب المتجر على مختلف عناصره تنظمها القوانين الخاصة بهذه
العناصر والمبادي الحقوقية العامة
 أما المتجر كمجموعة فيخضع لأحكام هذا القانون",0.9387,3,,,0,paddle,0.9387,"إن حقوق صاحب المتجر على مختلف عناصره تنظمها القوانين الخاصة بهذه
العناصر والمبادي الحقوقية العامة
 أما المتجر كمجموعة فيخضع لأحكام هذا القانون",3,./crops\page_0017\page_0017_008_text.png
page_0017_009_number,page_0017,17,9,number,0.8278786540031433,830,1755,881,1791,51,36,True,١٧,0.4918,1,بف,0.51,1,tesseract,0.51,بف,1,./crops\page_0017\page_0017_009_number.png
